--
-- PostgreSQL database dump
--

-- Dumped from database version 14.3
-- Dumped by pg_dump version 14.3

SET statement_timeout = 0;
SET lock_timeout = 0;
SET idle_in_transaction_session_timeout = 0;
SET client_encoding = 'UTF8';
SET standard_conforming_strings = on;
SELECT pg_catalog.set_config('search_path', '', false);
SET check_function_bodies = false;
SET xmloption = content;
SET client_min_messages = warning;
SET row_security = off;

SET default_tablespace = '';

SET default_table_access_method = heap;

--
-- Name: banks; Type: TABLE; Schema: public; Owner: epathshala
--

CREATE TABLE public.banks (
    bank_id bigint NOT NULL,
    name character varying,
    CONSTRAINT bank_bank_id_check CHECK ((bank_id > 0))
);


ALTER TABLE public.banks OWNER TO epathshala;

--
-- Name: comments; Type: TABLE; Schema: public; Owner: epathshala
--

CREATE TABLE public.comments (
    comment_id bigint NOT NULL,
    content_id bigint NOT NULL,
    commenter_id bigint,
    description character(100) DEFAULT ''::bpchar,
    time_of_comment time without time zone DEFAULT CURRENT_TIME,
    date_of_comment date DEFAULT CURRENT_DATE,
    rate numeric DEFAULT 0,
    CONSTRAINT comments_comment_id_check CHECK ((comment_id > 0)),
    CONSTRAINT comments_rate_check CHECK ((((0)::numeric <= rate) AND (rate <= (5)::numeric)))
);


ALTER TABLE public.comments OWNER TO epathshala;

--
-- Name: comments_comment_id_seq; Type: SEQUENCE; Schema: public; Owner: epathshala
--

CREATE SEQUENCE public.comments_comment_id_seq
    AS integer
    START WITH 1
    INCREMENT BY 1
    NO MINVALUE
    NO MAXVALUE
    CACHE 1;


ALTER TABLE public.comments_comment_id_seq OWNER TO epathshala;

--
-- Name: comments_comment_id_seq; Type: SEQUENCE OWNED BY; Schema: public; Owner: epathshala
--

ALTER SEQUENCE public.comments_comment_id_seq OWNED BY public.comments.comment_id;


--
-- Name: content_viewers; Type: TABLE; Schema: public; Owner: epathshala
--

CREATE TABLE public.content_viewers (
    view_id bigint NOT NULL,
    content_id bigint,
    user_id bigint,
    CONSTRAINT content_viewers_view_id_check CHECK ((view_id > 0))
);


ALTER TABLE public.content_viewers OWNER TO epathshala;

--
-- Name: content_viewers_view_id_seq; Type: SEQUENCE; Schema: public; Owner: epathshala
--

CREATE SEQUENCE public.content_viewers_view_id_seq
    START WITH 1
    INCREMENT BY 1
    NO MINVALUE
    NO MAXVALUE
    CACHE 1;


ALTER TABLE public.content_viewers_view_id_seq OWNER TO epathshala;

--
-- Name: content_viewers_view_id_seq; Type: SEQUENCE OWNED BY; Schema: public; Owner: epathshala
--

ALTER SEQUENCE public.content_viewers_view_id_seq OWNED BY public.content_viewers.view_id;


--
-- Name: contents; Type: TABLE; Schema: public; Owner: epathshala
--

CREATE TABLE public.contents (
    content_id bigint NOT NULL,
    date_of_creation date,
    content_type character(10) NOT NULL,
    rate numeric DEFAULT 0,
    title character varying DEFAULT ''::character varying,
    description character(100) DEFAULT ''::bpchar,
    course_id bigint,
    CONSTRAINT contents_content_id_check CHECK ((content_id > 0)),
    CONSTRAINT contents_rate_check CHECK ((((0)::numeric <= rate) AND (rate <= (5)::numeric)))
);


ALTER TABLE public.contents OWNER TO epathshala;

--
-- Name: contents_content_id_seq; Type: SEQUENCE; Schema: public; Owner: epathshala
--

CREATE SEQUENCE public.contents_content_id_seq
    AS integer
    START WITH 1
    INCREMENT BY 1
    NO MINVALUE
    NO MAXVALUE
    CACHE 1;


ALTER TABLE public.contents_content_id_seq OWNER TO epathshala;

--
-- Name: contents_content_id_seq; Type: SEQUENCE OWNED BY; Schema: public; Owner: epathshala
--

ALTER SEQUENCE public.contents_content_id_seq OWNED BY public.contents.content_id;


--
-- Name: course_tags; Type: TABLE; Schema: public; Owner: epathshala
--

CREATE TABLE public.course_tags (
    tag_id bigint NOT NULL,
    course_id bigint NOT NULL
);


ALTER TABLE public.course_tags OWNER TO epathshala;

--
-- Name: courses; Type: TABLE; Schema: public; Owner: epathshala
--

CREATE TABLE public.courses (
    course_id bigint NOT NULL,
    title character varying NOT NULL,
    description character(100) DEFAULT ''::bpchar,
    date_of_creation date NOT NULL,
    price integer DEFAULT 0,
    creator_id bigint,
    CONSTRAINT courses_course_id_check CHECK ((course_id > 0)),
    CONSTRAINT courses_price_check CHECK ((price >= 0))
);


ALTER TABLE public.courses OWNER TO epathshala;

--
-- Name: courses_course_id_seq; Type: SEQUENCE; Schema: public; Owner: epathshala
--

CREATE SEQUENCE public.courses_course_id_seq
    START WITH 1
    INCREMENT BY 1
    NO MINVALUE
    NO MAXVALUE
    CACHE 1;


ALTER TABLE public.courses_course_id_seq OWNER TO epathshala;

--
-- Name: courses_course_id_seq; Type: SEQUENCE OWNED BY; Schema: public; Owner: epathshala
--

ALTER SEQUENCE public.courses_course_id_seq OWNED BY public.courses.course_id;


--
-- Name: credit_card_users; Type: TABLE; Schema: public; Owner: epathshala
--

CREATE TABLE public.credit_card_users (
    credit_card_id bigint NOT NULL,
    bank_id bigint,
    CONSTRAINT credit_card_users_bank_id_check CHECK ((bank_id > 0))
);


ALTER TABLE public.credit_card_users OWNER TO epathshala;

--
-- Name: enrolled_courses; Type: TABLE; Schema: public; Owner: epathshala
--

CREATE TABLE public.enrolled_courses (
    user_id bigint NOT NULL,
    course_id bigint NOT NULL,
    date_of_join date NOT NULL
);


ALTER TABLE public.enrolled_courses OWNER TO epathshala;

--
-- Name: quiz_grades; Type: TABLE; Schema: public; Owner: epathshala
--

CREATE TABLE public.quiz_grades (
    user_id bigint NOT NULL,
    content_id bigint NOT NULL,
    grade integer,
    CONSTRAINT quiz_grades_grade_check CHECK (((0 <= grade) AND (grade <= 100)))
);


ALTER TABLE public.quiz_grades OWNER TO epathshala;

--
-- Name: students; Type: TABLE; Schema: public; Owner: epathshala
--

CREATE TABLE public.students (
    user_id bigint NOT NULL,
    interests character varying DEFAULT ''::character varying,
    date_of_join date DEFAULT CURRENT_DATE NOT NULL,
    rank_point integer DEFAULT 0,
    CONSTRAINT students_rank_point_check CHECK ((rank_point >= 0))
);


ALTER TABLE public.students OWNER TO epathshala;

--
-- Name: tags; Type: TABLE; Schema: public; Owner: epathshala
--

CREATE TABLE public.tags (
    tag_id bigint NOT NULL,
    tag_name character(10) NOT NULL,
    CONSTRAINT tags_tag_id_check CHECK ((tag_id > 0)),
    CONSTRAINT tags_tag_name_check CHECK ((length(tag_name) > 0))
);


ALTER TABLE public.tags OWNER TO epathshala;

--
-- Name: tags_tag_id_seq; Type: SEQUENCE; Schema: public; Owner: epathshala
--

CREATE SEQUENCE public.tags_tag_id_seq
    START WITH 1
    INCREMENT BY 1
    NO MINVALUE
    NO MAXVALUE
    CACHE 1;


ALTER TABLE public.tags_tag_id_seq OWNER TO epathshala;

--
-- Name: tags_tag_id_seq; Type: SEQUENCE OWNED BY; Schema: public; Owner: epathshala
--

ALTER SEQUENCE public.tags_tag_id_seq OWNED BY public.tags.tag_id;


--
-- Name: teachers; Type: TABLE; Schema: public; Owner: epathshala
--

CREATE TABLE public.teachers (
    user_id bigint NOT NULL,
    specilaity character varying DEFAULT ''::character varying,
    date_of_join date DEFAULT CURRENT_DATE NOT NULL
);


ALTER TABLE public.teachers OWNER TO epathshala;

--
-- Name: users; Type: TABLE; Schema: public; Owner: epathshala
--

CREATE TABLE public.users (
    user_id bigint NOT NULL,
    full_name character varying,
    security_key character(32) NOT NULL,
    date_of_birth date,
    bio character(100) DEFAULT ''::bpchar,
    email character varying NOT NULL,
    address character varying DEFAULT ''::character varying,
    user_type character(10) NOT NULL,
    gender character(1),
    credit_card_id bigint,
    bank_id bigint,
    CONSTRAINT users_email_check CHECK (((email)::text ~~ '_%@_%.___'::text)),
    CONSTRAINT users_security_key_check CHECK ((length(security_key) >= 8)),
    CONSTRAINT users_user_id_check CHECK ((user_id > 0)),
    CONSTRAINT users_user_type_check CHECK ((user_type = ANY (ARRAY['TEACHER'::bpchar, 'STUDENT'::bpchar])))
);


ALTER TABLE public.users OWNER TO epathshala;

--
-- Name: users_user_id_seq; Type: SEQUENCE; Schema: public; Owner: epathshala
--

CREATE SEQUENCE public.users_user_id_seq
    START WITH 1
    INCREMENT BY 1
    NO MINVALUE
    NO MAXVALUE
    CACHE 1;


ALTER TABLE public.users_user_id_seq OWNER TO epathshala;

--
-- Name: users_user_id_seq; Type: SEQUENCE OWNED BY; Schema: public; Owner: epathshala
--

ALTER SEQUENCE public.users_user_id_seq OWNED BY public.users.user_id;


--
-- Name: content_viewers view_id; Type: DEFAULT; Schema: public; Owner: epathshala
--

ALTER TABLE ONLY public.content_viewers ALTER COLUMN view_id SET DEFAULT nextval('public.content_viewers_view_id_seq'::regclass);


--
-- Name: contents content_id; Type: DEFAULT; Schema: public; Owner: epathshala
--

ALTER TABLE ONLY public.contents ALTER COLUMN content_id SET DEFAULT nextval('public.contents_content_id_seq'::regclass);


--
-- Name: tags tag_id; Type: DEFAULT; Schema: public; Owner: epathshala
--

ALTER TABLE ONLY public.tags ALTER COLUMN tag_id SET DEFAULT nextval('public.tags_tag_id_seq'::regclass);


--
-- Data for Name: banks; Type: TABLE DATA; Schema: public; Owner: epathshala
--

COPY public.banks (bank_id, name) FROM stdin;
1	A Bank
2	B Bank
3	C Bank
\.


--
-- Data for Name: comments; Type: TABLE DATA; Schema: public; Owner: epathshala
--

COPY public.comments (comment_id, content_id, commenter_id, description, time_of_comment, date_of_comment, rate) FROM stdin;
1	5	5	Epic Video                                                                                          	23:43:54.742951	2022-08-09	0
2	5	6	Nice Content                                                                                        	23:47:13.830674	2022-08-09	0
\.


--
-- Data for Name: content_viewers; Type: TABLE DATA; Schema: public; Owner: epathshala
--

COPY public.content_viewers (view_id, content_id, user_id) FROM stdin;
1	58	1
2	58	2
3	58	3
4	58	4
5	58	5
6	58	6
7	58	7
8	58	8
9	58	9
10	58	10
11	58	11
12	58	12
13	58	13
14	58	14
15	58	15
16	58	16
17	58	17
18	58	18
19	58	19
20	58	20
21	58	21
22	58	22
23	58	23
24	58	24
25	58	25
26	58	26
27	58	27
28	58	28
29	58	29
30	58	30
31	58	31
32	58	32
33	58	33
34	58	34
35	58	35
36	58	36
37	58	37
38	58	38
39	58	39
40	58	40
41	74	1
42	74	2
43	74	3
44	74	4
45	74	5
46	74	6
47	74	7
48	74	8
49	74	9
50	74	10
51	74	11
52	74	12
53	74	13
54	74	14
55	74	15
56	74	16
57	74	17
58	74	18
59	74	19
60	74	20
61	74	21
62	74	22
63	74	23
64	74	24
65	74	25
66	74	26
67	74	27
68	74	28
69	74	29
70	74	30
71	74	31
72	74	32
73	74	33
74	74	34
75	75	1
76	75	2
77	76	1
78	76	2
79	76	3
80	76	4
81	76	5
82	76	6
83	76	7
84	76	8
85	76	9
86	76	10
87	76	11
88	76	12
89	76	13
90	76	14
91	76	15
92	76	16
93	76	17
94	76	18
95	76	19
96	76	20
97	76	21
98	76	22
99	76	23
100	76	24
101	76	25
102	76	26
103	76	27
104	76	28
105	76	29
106	76	30
107	76	31
108	76	32
109	76	33
110	76	34
111	76	35
112	76	36
113	76	37
114	76	38
115	76	39
116	76	40
117	1	1
118	1	2
119	1	3
120	1	4
121	1	5
122	1	6
123	1	7
124	2	1
125	2	2
126	2	3
127	2	4
128	2	5
129	2	6
130	2	7
131	2	8
132	2	9
133	2	10
134	2	11
135	2	12
136	2	13
137	2	14
138	2	15
139	2	16
140	2	17
141	2	18
142	2	19
143	2	20
144	2	21
145	2	22
146	2	23
147	2	24
148	2	25
149	2	26
150	2	27
151	2	28
152	2	29
153	2	30
154	2	31
155	2	32
156	2	33
157	2	34
158	2	35
159	2	36
160	2	37
161	2	38
162	2	39
163	2	40
164	2	41
165	2	42
166	2	43
167	2	44
168	2	45
169	2	46
170	2	47
171	3	1
172	3	2
173	3	3
174	3	4
175	3	5
176	3	6
177	3	7
178	3	8
179	3	9
180	3	10
181	3	11
182	3	12
183	3	13
184	3	14
185	3	15
186	3	16
187	3	17
188	3	18
189	3	19
190	4	1
191	4	2
192	4	3
193	4	4
194	4	5
195	4	6
196	4	7
197	4	8
198	4	9
199	4	10
200	4	11
201	4	12
202	4	13
203	4	14
204	4	15
205	4	16
206	4	17
207	5	1
208	5	2
209	5	3
210	5	4
211	5	5
212	5	6
213	5	7
214	5	8
215	5	9
216	5	10
217	5	11
218	5	12
219	5	13
220	5	14
221	5	15
222	6	1
223	6	2
224	6	3
225	6	4
226	6	5
227	6	6
228	6	7
229	6	8
230	6	9
231	6	10
232	6	11
233	6	12
234	7	1
235	7	2
236	7	3
237	7	4
238	7	5
239	7	6
240	7	7
241	7	8
242	7	9
243	7	10
244	7	11
245	7	12
246	7	13
247	7	14
248	7	15
249	7	16
250	7	17
251	7	18
252	7	19
253	7	20
254	7	21
255	7	22
256	8	1
257	8	2
258	8	3
259	8	4
260	8	5
261	8	6
262	8	7
263	8	8
264	8	9
265	8	10
266	8	11
267	8	12
268	8	13
269	8	14
270	8	15
271	8	16
272	8	17
273	8	18
274	8	19
275	8	20
276	8	21
277	8	22
278	8	23
279	8	24
280	8	25
281	8	26
282	8	27
283	8	28
284	8	29
285	8	30
286	8	31
287	8	32
288	9	1
289	9	2
290	9	3
291	9	4
292	9	5
293	9	6
294	9	7
295	9	8
296	9	9
297	9	10
298	9	11
299	9	12
300	9	13
301	9	14
302	9	15
303	9	16
304	9	17
305	9	18
306	9	19
307	9	20
308	9	21
309	9	22
310	9	23
311	9	24
312	9	25
313	9	26
314	9	27
315	9	28
316	9	29
317	9	30
318	9	31
319	9	32
320	9	33
321	9	34
322	9	35
323	9	36
324	9	37
325	9	38
326	9	39
327	9	40
328	9	41
329	9	42
330	9	43
331	9	44
332	9	45
333	9	46
334	9	47
335	10	1
336	10	2
337	10	3
338	10	4
339	10	5
340	10	6
341	10	7
342	10	8
343	10	9
344	10	10
345	10	11
346	10	12
347	10	13
348	10	14
349	10	15
350	10	16
351	10	17
352	10	18
353	10	19
354	10	20
355	10	21
356	10	22
357	10	23
358	10	24
359	10	25
360	10	26
361	10	27
362	10	28
363	10	29
364	10	30
365	10	31
366	10	32
367	10	33
368	11	1
369	11	2
370	11	3
371	11	4
372	11	5
373	11	6
374	11	7
375	11	8
376	11	9
377	11	10
378	11	11
379	11	12
380	11	13
381	11	14
382	11	15
383	12	1
384	12	2
385	12	3
386	12	4
387	12	5
388	12	6
389	12	7
390	12	8
391	12	9
392	12	10
393	12	11
394	12	12
395	12	13
396	12	14
397	12	15
398	12	16
399	12	17
400	12	18
401	12	19
402	12	20
403	12	21
404	12	22
405	12	23
406	12	24
407	12	25
408	12	26
409	12	27
410	12	28
411	12	29
412	12	30
413	12	31
414	12	32
415	12	33
416	12	34
417	12	35
418	12	36
419	12	37
420	12	38
421	12	39
422	12	40
423	12	41
424	12	42
425	12	43
426	12	44
427	12	45
428	12	46
429	13	1
430	13	2
431	13	3
432	13	4
433	13	5
434	13	6
435	13	7
436	13	8
437	13	9
438	13	10
439	13	11
440	13	12
441	13	13
442	13	14
443	13	15
444	13	16
445	13	17
446	13	18
447	13	19
448	13	20
449	13	21
450	13	22
451	13	23
452	13	24
453	13	25
454	13	26
455	13	27
456	14	1
457	14	2
458	14	3
459	14	4
460	14	5
461	14	6
462	14	7
463	14	8
464	14	9
465	14	10
466	14	11
467	14	12
468	14	13
469	14	14
470	14	15
471	14	16
472	14	17
473	14	18
474	14	19
475	14	20
476	14	21
477	14	22
478	14	23
479	14	24
480	14	25
481	14	26
482	14	27
483	14	28
484	14	29
485	14	30
486	14	31
487	14	32
488	14	33
489	14	34
490	14	35
491	14	36
492	14	37
493	14	38
494	14	39
495	14	40
496	14	41
497	14	42
498	14	43
499	14	44
500	15	1
501	15	2
502	15	3
503	15	4
504	15	5
505	15	6
506	15	7
507	15	8
508	15	9
509	15	10
510	15	11
511	15	12
512	15	13
513	15	14
514	15	15
515	15	16
516	15	17
517	15	18
518	15	19
519	15	20
520	15	21
521	15	22
522	15	23
523	15	24
524	15	25
525	15	26
526	15	27
527	16	1
528	16	2
529	16	3
530	16	4
531	16	5
532	16	6
533	16	7
534	16	8
535	16	9
536	16	10
537	16	11
538	16	12
539	16	13
540	16	14
541	16	15
542	16	16
543	17	1
544	17	2
545	17	3
546	17	4
547	17	5
548	17	6
549	17	7
550	17	8
551	17	9
552	17	10
553	17	11
554	17	12
555	17	13
556	17	14
557	17	15
558	17	16
559	17	17
560	17	18
561	17	19
562	17	20
563	17	21
564	17	22
565	17	23
566	17	24
567	18	1
568	18	2
569	18	3
570	18	4
571	18	5
572	18	6
573	18	7
574	18	8
575	18	9
576	18	10
577	18	11
578	18	12
579	18	13
580	18	14
581	18	15
582	18	16
583	18	17
584	18	18
585	18	19
586	18	20
587	18	21
588	18	22
589	18	23
590	18	24
591	18	25
592	18	26
593	18	27
594	18	28
595	18	29
596	18	30
597	18	31
598	18	32
599	18	33
600	18	34
601	18	35
602	18	36
603	18	37
604	18	38
605	18	39
606	18	40
607	18	41
608	18	42
609	18	43
610	18	44
611	18	45
612	18	46
613	18	47
614	18	48
615	18	49
616	18	50
617	19	1
618	19	2
619	19	3
620	19	4
621	19	5
622	19	6
623	19	7
624	19	8
625	19	9
626	19	10
627	19	11
628	19	12
629	19	13
630	19	14
631	19	15
632	19	16
633	19	17
634	19	18
635	19	19
636	19	20
637	19	21
638	19	22
639	20	1
640	20	2
641	20	3
642	20	4
643	20	5
644	20	6
645	20	7
646	20	8
647	20	9
648	20	10
649	20	11
650	20	12
651	20	13
652	20	14
653	20	15
654	20	16
655	20	17
656	20	18
657	20	19
658	20	20
659	20	21
660	20	22
661	20	23
662	20	24
663	20	25
664	20	26
665	20	27
666	20	28
667	20	29
668	20	30
669	20	31
670	20	32
671	20	33
672	21	1
673	21	2
674	21	3
675	21	4
676	21	5
677	21	6
678	21	7
679	21	8
680	21	9
681	21	10
682	21	11
683	21	12
684	21	13
685	21	14
686	21	15
687	21	16
688	21	17
689	21	18
690	21	19
691	21	20
692	21	21
693	21	22
694	21	23
695	21	24
696	21	25
697	22	1
698	22	2
699	22	3
700	22	4
701	22	5
702	22	6
703	22	7
704	22	8
705	22	9
706	22	10
707	22	11
708	22	12
709	22	13
710	22	14
711	22	15
712	22	16
713	22	17
714	22	18
715	23	1
716	23	2
717	23	3
718	23	4
719	23	5
720	23	6
721	23	7
722	23	8
723	23	9
724	23	10
725	23	11
726	23	12
727	23	13
728	24	1
729	24	2
730	24	3
731	24	4
732	24	5
733	24	6
734	24	7
735	24	8
736	24	9
737	24	10
738	24	11
739	24	12
740	24	13
741	24	14
742	24	15
743	24	16
744	24	17
745	24	18
746	24	19
747	24	20
748	24	21
749	24	22
750	24	23
751	24	24
752	24	25
753	25	1
754	25	2
755	25	3
756	25	4
757	25	5
758	25	6
759	25	7
760	25	8
761	25	9
762	25	10
763	25	11
764	25	12
765	25	13
766	25	14
767	25	15
768	25	16
769	25	17
770	25	18
771	25	19
772	25	20
773	25	21
774	25	22
775	25	23
776	25	24
777	25	25
778	25	26
779	25	27
780	25	28
781	25	29
782	25	30
783	25	31
784	25	32
785	25	33
786	25	34
787	25	35
788	25	36
789	25	37
790	25	38
791	25	39
792	25	40
793	25	41
794	25	42
795	25	43
796	25	44
797	25	45
798	25	46
799	25	47
800	25	48
801	26	1
802	26	2
803	26	3
804	26	4
805	26	5
806	26	6
807	26	7
808	26	8
809	26	9
810	26	10
811	26	11
812	26	12
813	26	13
814	26	14
815	27	1
816	27	2
817	27	3
818	27	4
819	27	5
820	27	6
821	27	7
822	27	8
823	27	9
824	27	10
825	27	11
826	27	12
827	27	13
828	27	14
829	27	15
830	27	16
831	27	17
832	27	18
833	27	19
834	27	20
835	27	21
836	27	22
837	27	23
838	27	24
839	27	25
840	27	26
841	27	27
842	27	28
843	27	29
844	27	30
845	27	31
846	27	32
847	27	33
848	27	34
849	27	35
850	27	36
851	27	37
852	27	38
853	27	39
854	27	40
855	27	41
856	27	42
857	27	43
858	27	44
859	27	45
860	27	46
861	27	47
862	27	48
863	28	1
864	28	2
865	28	3
866	28	4
867	28	5
868	28	6
869	28	7
870	28	8
871	28	9
872	28	10
873	28	11
874	28	12
875	28	13
876	28	14
877	28	15
878	28	16
879	28	17
880	28	18
881	28	19
882	29	1
883	29	2
884	29	3
885	29	4
886	29	5
887	29	6
888	29	7
889	29	8
890	29	9
891	29	10
892	29	11
893	29	12
894	29	13
895	30	1
896	30	2
897	30	3
898	30	4
899	30	5
900	30	6
901	30	7
902	30	8
903	30	9
904	30	10
905	30	11
906	30	12
907	30	13
908	30	14
909	30	15
910	30	16
911	30	17
912	30	18
913	30	19
914	30	20
915	30	21
916	30	22
917	30	23
918	30	24
919	30	25
920	30	26
921	30	27
922	30	28
923	31	1
924	31	2
925	31	3
926	31	4
927	31	5
928	31	6
929	31	7
930	32	1
931	32	2
932	32	3
933	32	4
934	32	5
935	32	6
936	32	7
937	32	8
938	32	9
939	32	10
940	32	11
941	32	12
942	32	13
943	32	14
944	32	15
945	32	16
946	32	17
947	32	18
948	32	19
949	32	20
950	32	21
951	32	22
952	32	23
953	32	24
954	32	25
955	32	26
956	33	1
957	33	2
958	33	3
959	33	4
960	33	5
961	33	6
962	33	7
963	33	8
964	33	9
965	33	10
966	33	11
967	33	12
968	33	13
969	34	1
970	34	2
971	34	3
972	34	4
973	34	5
974	34	6
975	34	7
976	34	8
977	34	9
978	34	10
979	34	11
980	34	12
981	34	13
982	34	14
983	34	15
984	34	16
985	34	17
986	34	18
987	34	19
988	34	20
989	34	21
990	34	22
991	34	23
992	34	24
993	34	25
994	34	26
995	34	27
996	34	28
997	34	29
998	34	30
999	34	31
1000	34	32
1001	34	33
1002	34	34
1003	34	35
1004	34	36
1005	34	37
1006	34	38
1007	34	39
1008	35	1
1009	35	2
1010	36	1
1011	36	2
1012	36	3
1013	36	4
1014	37	1
1015	37	2
1016	37	3
1017	37	4
1018	38	1
1019	38	2
1020	39	1
1021	39	2
1022	39	3
1023	39	4
1024	39	5
1025	39	6
1026	39	7
1027	39	8
1028	39	9
1029	39	10
1030	39	11
1031	39	12
1032	39	13
1033	39	14
1034	39	15
1035	39	16
1036	39	17
1037	39	18
1038	39	19
1039	39	20
1040	39	21
1041	39	22
1042	39	23
1043	39	24
1044	39	25
1045	39	26
1046	39	27
1047	39	28
1048	39	29
1049	39	30
1050	39	31
1051	39	32
1052	39	33
1053	39	34
1054	39	35
1055	39	36
1056	39	37
1057	39	38
1058	39	39
1059	39	40
1060	39	41
1061	39	42
1062	39	43
1063	39	44
1064	39	45
1065	39	46
1066	39	47
1067	39	48
1068	39	49
1069	39	50
1070	40	1
1071	40	2
1072	40	3
1073	40	4
1074	40	5
1075	40	6
1076	40	7
1077	40	8
1078	40	9
1079	40	10
1080	40	11
1081	40	12
1082	40	13
1083	40	14
1084	40	15
1085	40	16
1086	40	17
1087	40	18
1088	40	19
1089	40	20
1090	40	21
1091	40	22
1092	40	23
1093	40	24
1094	40	25
1095	40	26
1096	40	27
1097	40	28
1098	40	29
1099	41	1
1100	41	2
1101	41	3
1102	41	4
1103	41	5
1104	41	6
1105	41	7
1106	41	8
1107	41	9
1108	41	10
1109	41	11
1110	41	12
1111	41	13
1112	41	14
1113	41	15
1114	41	16
1115	41	17
1116	41	18
1117	41	19
1118	41	20
1119	41	21
1120	41	22
1121	41	23
1122	41	24
1123	41	25
1124	41	26
1125	41	27
1126	41	28
1127	41	29
1128	41	30
1129	41	31
1130	41	32
1131	41	33
1132	41	34
1133	41	35
1134	41	36
1135	41	37
1136	41	38
1137	41	39
1138	41	40
1139	41	41
1140	41	42
1141	41	43
1142	41	44
1143	41	45
1144	41	46
1145	41	47
1146	41	48
1147	41	49
1148	42	1
1149	42	2
1150	42	3
1151	42	4
1152	42	5
1153	42	6
1154	42	7
1155	42	8
1156	42	9
1157	42	10
1158	42	11
1159	42	12
1160	42	13
1161	42	14
1162	42	15
1163	42	16
1164	42	17
1165	42	18
1166	43	1
1167	43	2
1168	43	3
1169	43	4
1170	43	5
1171	43	6
1172	43	7
1173	92	1
1174	92	2
1175	92	3
1176	92	4
1177	92	5
1178	92	6
1179	92	7
1180	92	8
1181	92	9
1182	92	10
1183	92	11
1184	92	12
1185	92	13
1186	92	14
1187	92	15
1188	92	16
1189	92	17
1190	92	18
1191	92	19
1192	92	20
1193	92	21
1194	92	22
1195	92	23
1196	92	24
1197	92	25
1198	92	26
1199	92	27
1200	92	28
1201	92	29
1202	92	30
1203	92	31
1204	92	32
1205	92	33
1206	92	34
1207	92	35
1208	92	36
1209	92	37
1210	92	38
1211	92	39
1212	93	1
1213	93	2
1214	93	3
1215	93	4
1216	93	5
1217	93	6
1218	93	7
1219	93	8
1220	93	9
1221	93	10
1222	93	11
1223	93	12
1224	93	13
1225	93	14
1226	93	15
1227	93	16
1228	93	17
1229	93	18
1230	93	19
1231	93	20
1232	93	21
1233	93	22
1234	93	23
1235	93	24
1236	93	25
1237	93	26
1238	93	27
1239	93	28
1240	93	29
1241	93	30
1242	93	31
1243	93	32
1244	94	1
1245	94	2
1246	94	3
1247	94	4
1248	94	5
1249	94	6
1250	94	7
1251	94	8
1252	94	9
1253	94	10
1254	94	11
1255	94	12
1256	94	13
1257	94	14
1258	94	15
1259	94	16
1260	94	17
1261	94	18
1262	94	19
1263	94	20
1264	94	21
1265	94	22
1266	94	23
1267	94	24
1268	94	25
1269	94	26
1270	94	27
1271	94	28
1272	94	29
1273	94	30
1274	94	31
1275	94	32
1276	94	33
1277	94	34
1278	95	1
1279	95	2
1280	95	3
1281	95	4
1282	95	5
1283	95	6
1284	95	7
1285	95	8
1286	95	9
1287	95	10
1288	95	11
1289	95	12
1290	95	13
1291	95	14
1292	95	15
1293	95	16
1294	95	17
1295	95	18
1296	95	19
1297	95	20
1298	95	21
1299	95	22
1300	95	23
1301	95	24
1302	95	25
1303	95	26
1304	95	27
1305	95	28
1306	95	29
1307	95	30
1308	96	1
1309	96	2
1310	96	3
1311	96	4
1312	96	5
1313	96	6
1314	96	7
1315	96	8
1316	96	9
1317	96	10
1318	96	11
1319	96	12
1320	96	13
1321	96	14
1322	96	15
1323	97	1
1324	97	2
1325	97	3
1326	97	4
1327	97	5
1328	97	6
1329	97	7
1330	97	8
1331	97	9
1332	97	10
1333	97	11
1334	97	12
1335	97	13
1336	97	14
1337	97	15
1338	97	16
1339	97	17
1340	97	18
1341	97	19
1342	97	20
1343	97	21
1344	97	22
1345	97	23
1346	97	24
1347	97	25
1348	97	26
1349	97	27
1350	97	28
1351	97	29
1352	97	30
1353	97	31
1354	97	32
1355	97	33
1356	97	34
1357	97	35
1358	97	36
1359	97	37
1360	97	38
1361	97	39
1362	97	40
1363	97	41
1364	97	42
1365	97	43
1366	97	44
1367	97	45
1368	97	46
1369	97	47
1370	97	48
1371	97	49
1372	102	1
1373	102	2
1374	102	3
1375	102	4
1376	102	5
1377	102	6
1378	102	7
1379	102	8
1380	102	9
1381	102	10
1382	102	11
1383	102	12
1384	102	13
1385	102	14
1386	102	15
1387	102	16
1388	89	1
1389	89	2
1390	89	3
1391	89	4
1392	89	5
1393	89	6
1394	89	7
1395	89	8
1396	89	9
1397	89	10
1398	89	11
1399	89	12
1400	89	13
1401	89	14
1402	89	15
1403	89	16
1404	89	17
1405	89	18
1406	89	19
1407	89	20
1408	89	21
1409	89	22
1410	89	23
1411	90	1
1412	90	2
1413	90	3
1414	90	4
1415	90	5
1416	90	6
1417	90	7
1418	90	8
1419	90	9
1420	90	10
1421	90	11
1422	90	12
1423	90	13
1424	90	14
1425	90	15
1426	90	16
1427	90	17
1428	90	18
1429	90	19
1430	90	20
1431	90	21
1432	90	22
1433	90	23
1434	90	24
1435	90	25
1436	90	26
1437	90	27
1438	90	28
1439	91	1
1440	59	1
1441	59	2
1442	59	3
1443	59	4
1444	59	5
1445	59	6
1446	59	7
1447	59	8
1448	59	9
1449	59	10
1450	59	11
1451	59	12
1452	59	13
1453	59	14
1454	59	15
1455	59	16
1456	59	17
1457	59	18
1458	59	19
1459	59	20
1460	59	21
1461	59	22
1462	60	1
1463	60	2
1464	61	1
1465	61	2
1466	61	3
1467	61	4
1468	61	5
1469	61	6
1470	61	7
1471	61	8
1472	61	9
1473	61	10
1474	61	11
1475	61	12
1476	61	13
1477	61	14
1478	61	15
1479	61	16
1480	61	17
1481	61	18
1482	61	19
1483	62	1
1484	62	2
1485	62	3
1486	62	4
1487	62	5
1488	62	6
1489	62	7
1490	62	8
1491	62	9
1492	62	10
1493	62	11
1494	62	12
1495	62	13
1496	62	14
1497	62	15
1498	62	16
1499	62	17
1500	62	18
1501	62	19
1502	62	20
1503	62	21
1504	62	22
1505	62	23
1506	62	24
1507	62	25
1508	62	26
1509	62	27
1510	62	28
1511	62	29
1512	62	30
1513	62	31
1514	62	32
1515	62	33
1516	62	34
1517	62	35
1518	62	36
1519	62	37
1520	62	38
1521	62	39
1522	62	40
1523	62	41
1524	62	42
1525	62	43
1526	62	44
1527	62	45
1528	62	46
1529	63	1
1530	63	2
1531	63	3
1532	63	4
1533	63	5
1534	63	6
1535	63	7
1536	63	8
1537	63	9
1538	63	10
1539	63	11
1540	63	12
1541	63	13
1542	63	14
1543	63	15
1544	63	16
1545	63	17
1546	63	18
1547	63	19
1548	63	20
1549	63	21
1550	63	22
1551	63	23
1552	63	24
1553	63	25
1554	63	26
1555	63	27
1556	63	28
1557	63	29
1558	63	30
1559	63	31
1560	63	32
1561	63	33
1562	63	34
1563	63	35
1564	63	36
1565	63	37
1566	63	38
1567	63	39
1568	63	40
1569	64	1
1570	64	2
1571	64	3
1572	64	4
1573	64	5
1574	64	6
1575	64	7
1576	64	8
1577	65	1
1578	65	2
1579	65	3
1580	65	4
1581	65	5
1582	65	6
1583	65	7
1584	65	8
1585	65	9
1586	65	10
1587	65	11
1588	65	12
1589	65	13
1590	65	14
1591	65	15
1592	65	16
1593	65	17
1594	65	18
1595	65	19
1596	65	20
1597	65	21
1598	65	22
1599	65	23
1600	65	24
1601	65	25
1602	65	26
1603	65	27
1604	65	28
1605	65	29
1606	65	30
1607	65	31
1608	65	32
1609	65	33
1610	65	34
1611	65	35
1612	65	36
1613	65	37
1614	65	38
1615	65	39
1616	65	40
1617	65	41
1618	65	42
1619	65	43
1620	65	44
1621	65	45
1622	65	46
1623	65	47
1624	65	48
1625	66	1
1626	66	2
1627	66	3
1628	66	4
1629	66	5
1630	66	6
1631	66	7
1632	66	8
1633	66	9
1634	66	10
1635	66	11
1636	66	12
1637	66	13
1638	67	1
1639	67	2
1640	67	3
1641	67	4
1642	67	5
1643	67	6
1644	67	7
1645	67	8
1646	67	9
1647	67	10
1648	67	11
1649	67	12
1650	67	13
1651	67	14
1652	67	15
1653	67	16
1654	67	17
1655	67	18
1656	67	19
1657	67	20
1658	67	21
1659	67	22
1660	67	23
1661	67	24
1662	67	25
1663	67	26
1664	67	27
1665	67	28
1666	67	29
1667	67	30
1668	68	1
1669	68	2
1670	69	1
1671	69	2
1672	69	3
1673	69	4
1674	69	5
1675	69	6
1676	69	7
1677	69	8
1678	69	9
1679	69	10
1680	69	11
1681	69	12
1682	69	13
1683	69	14
1684	69	15
1685	69	16
1686	69	17
1687	69	18
1688	69	19
1689	69	20
1690	69	21
1691	69	22
1692	69	23
1693	69	24
1694	70	1
1695	70	2
1696	70	3
1697	70	4
1698	70	5
1699	70	6
1700	70	7
1701	70	8
1702	70	9
1703	70	10
1704	70	11
1705	70	12
1706	70	13
1707	70	14
1708	70	15
1709	70	16
1710	70	17
1711	70	18
1712	70	19
1713	70	20
1714	71	1
1715	71	2
1716	71	3
1717	71	4
1718	71	5
1719	71	6
1720	71	7
1721	71	8
1722	71	9
1723	71	10
1724	71	11
1725	71	12
1726	72	1
1727	72	2
1728	72	3
1729	72	4
1730	72	5
1731	72	6
1732	72	7
1733	72	8
1734	72	9
1735	72	10
1736	72	11
1737	72	12
1738	72	13
1739	72	14
1740	72	15
1741	72	16
1742	73	1
1743	73	2
1744	73	3
1745	73	4
1746	73	5
1747	73	6
1748	73	7
1749	73	8
1750	73	9
1751	73	10
1752	73	11
1753	73	12
1754	73	13
1755	73	14
1756	73	15
1757	73	16
1758	73	17
1759	73	18
1760	73	19
1761	73	20
1762	73	21
1763	73	22
1764	73	23
1765	73	24
1766	73	25
1767	73	26
1768	73	27
1769	73	28
1770	44	1
1771	44	2
1772	44	3
1773	44	4
1774	44	5
1775	44	6
1776	44	7
1777	44	8
1778	44	9
1779	44	10
1780	44	11
1781	44	12
1782	44	13
1783	45	1
1784	45	2
1785	45	3
1786	45	4
1787	45	5
1788	45	6
1789	45	7
1790	45	8
1791	45	9
1792	45	10
1793	45	11
1794	45	12
1795	45	13
1796	45	14
1797	45	15
1798	45	16
1799	45	17
1800	45	18
1801	45	19
1802	45	20
1803	45	21
1804	45	22
1805	45	23
1806	45	24
1807	45	25
1808	45	26
1809	45	27
1810	45	28
1811	45	29
1812	45	30
1813	45	31
1814	45	32
1815	45	33
1816	45	34
1817	45	35
1818	45	36
1819	45	37
1820	45	38
1821	45	39
1822	45	40
1823	45	41
1824	46	1
1825	46	2
1826	46	3
1827	46	4
1828	46	5
1829	46	6
1830	46	7
1831	46	8
1832	46	9
1833	46	10
1834	46	11
1835	46	12
1836	46	13
1837	46	14
1838	46	15
1839	46	16
1840	46	17
1841	46	18
1842	46	19
1843	46	20
1844	46	21
1845	46	22
1846	46	23
1847	46	24
1848	46	25
1849	47	1
1850	47	2
1851	47	3
1852	47	4
1853	47	5
1854	48	1
1855	48	2
1856	48	3
1857	48	4
1858	48	5
1859	48	6
1860	48	7
1861	48	8
1862	48	9
1863	48	10
1864	48	11
1865	48	12
1866	48	13
1867	48	14
1868	48	15
1869	48	16
1870	48	17
1871	48	18
1872	48	19
1873	48	20
1874	49	1
1875	49	2
1876	49	3
1877	49	4
1878	49	5
1879	50	1
1880	50	2
1881	50	3
1882	50	4
1883	50	5
1884	50	6
1885	50	7
1886	50	8
1887	50	9
1888	50	10
1889	50	11
1890	50	12
1891	50	13
1892	50	14
1893	50	15
1894	50	16
1895	50	17
1896	50	18
1897	50	19
1898	50	20
1899	50	21
1900	50	22
1901	50	23
1902	50	24
1903	50	25
1904	50	26
1905	50	27
1906	51	1
1907	51	2
1908	51	3
1909	51	4
1910	51	5
1911	51	6
1912	51	7
1913	51	8
1914	51	9
1915	51	10
1916	51	11
1917	51	12
1918	51	13
1919	51	14
1920	51	15
1921	51	16
1922	51	17
1923	51	18
1924	51	19
1925	51	20
1926	51	21
1927	51	22
1928	51	23
1929	51	24
1930	51	25
1931	51	26
1932	52	1
1933	52	2
1934	52	3
1935	52	4
1936	52	5
1937	52	6
1938	52	7
1939	52	8
1940	52	9
1941	52	10
1942	52	11
1943	52	12
1944	52	13
1945	52	14
1946	52	15
1947	52	16
1948	53	1
1949	53	2
1950	53	3
1951	53	4
1952	53	5
1953	53	6
1954	53	7
1955	53	8
1956	53	9
1957	53	10
1958	53	11
1959	53	12
1960	53	13
1961	53	14
1962	53	15
1963	53	16
1964	53	17
1965	53	18
1966	53	19
1967	53	20
1968	53	21
1969	53	22
1970	53	23
1971	53	24
1972	53	25
1973	53	26
1974	53	27
1975	53	28
1976	53	29
1977	53	30
1978	53	31
1979	53	32
1980	53	33
1981	53	34
1982	53	35
1983	53	36
1984	53	37
1985	53	38
1986	53	39
1987	53	40
1988	53	41
1989	53	42
1990	53	43
1991	53	44
1992	53	45
1993	53	46
1994	53	47
1995	53	48
1996	54	1
1997	54	2
1998	54	3
1999	54	4
2000	54	5
2001	54	6
2002	54	7
2003	54	8
2004	54	9
2005	55	1
2006	56	1
2007	56	2
2008	56	3
2009	56	4
2010	56	5
2011	56	6
2012	56	7
2013	56	8
2014	56	9
2015	56	10
2016	56	11
2017	56	12
2018	56	13
2019	56	14
2020	56	15
2021	56	16
2022	56	17
2023	56	18
2024	56	19
2025	56	20
2026	56	21
2027	56	22
2028	56	23
2029	56	24
2030	56	25
2031	57	1
2032	57	2
2033	57	3
2034	57	4
2035	57	5
2036	57	6
2037	57	7
2038	57	8
2039	57	9
2040	57	10
2041	57	11
2042	57	12
2043	57	13
2044	57	14
2045	57	15
2046	57	16
2047	57	17
2048	57	18
2049	57	19
2050	57	20
2051	57	21
2052	57	22
2053	57	23
2054	57	24
2055	57	25
2056	57	26
2057	57	27
2058	57	28
2059	57	29
2060	57	30
2061	57	31
2062	57	32
2063	57	33
2064	57	34
2065	57	35
2066	57	36
2067	57	37
2068	57	38
2069	57	39
2070	57	40
2071	57	41
2072	57	42
2073	57	43
2074	77	1
2075	77	2
2076	77	3
2077	77	4
2078	77	5
2079	77	6
2080	78	1
2081	78	2
2082	78	3
2083	78	4
2084	78	5
2085	78	6
2086	78	7
2087	78	8
2088	78	9
2089	78	10
2090	78	11
2091	78	12
2092	78	13
2093	78	14
2094	78	15
2095	78	16
2096	78	17
2097	78	18
2098	78	19
2099	78	20
2100	78	21
2101	78	22
2102	78	23
2103	78	24
2104	78	25
2105	78	26
2106	78	27
2107	78	28
2108	78	29
2109	78	30
2110	78	31
2111	78	32
2112	78	33
2113	78	34
2114	78	35
2115	78	36
2116	79	1
2117	79	2
2118	79	3
2119	79	4
2120	79	5
2121	79	6
2122	79	7
2123	79	8
2124	79	9
2125	79	10
2126	79	11
2127	79	12
2128	79	13
2129	79	14
2130	79	15
2131	79	16
2132	79	17
2133	79	18
2134	79	19
2135	79	20
2136	79	21
2137	79	22
2138	79	23
2139	79	24
2140	79	25
2141	79	26
2142	79	27
2143	79	28
2144	79	29
2145	79	30
2146	79	31
2147	79	32
2148	79	33
2149	79	34
2150	79	35
2151	79	36
2152	79	37
2153	79	38
2154	79	39
2155	79	40
2156	79	41
2157	79	42
2158	79	43
2159	79	44
2160	79	45
2161	79	46
2162	79	47
2163	79	48
2164	79	49
2165	80	1
2166	80	2
2167	80	3
2168	80	4
2169	80	5
2170	80	6
2171	80	7
2172	80	8
2173	81	1
2174	81	2
2175	81	3
2176	81	4
2177	81	5
2178	81	6
2179	81	7
2180	81	8
2181	81	9
2182	81	10
2183	81	11
2184	81	12
2185	81	13
2186	81	14
2187	81	15
2188	81	16
2189	81	17
2190	81	18
2191	81	19
2192	81	20
2193	81	21
2194	81	22
2195	81	23
2196	81	24
2197	81	25
2198	81	26
2199	81	27
2200	81	28
2201	81	29
2202	81	30
2203	81	31
2204	81	32
2205	81	33
2206	81	34
2207	82	1
2208	82	2
2209	82	3
2210	82	4
2211	82	5
2212	82	6
2213	82	7
2214	82	8
2215	82	9
2216	82	10
2217	82	11
2218	82	12
2219	82	13
2220	83	1
2221	83	2
2222	83	3
2223	83	4
2224	83	5
2225	83	6
2226	83	7
2227	83	8
2228	83	9
2229	83	10
2230	83	11
2231	83	12
2232	83	13
2233	83	14
2234	83	15
2235	83	16
2236	83	17
2237	83	18
2238	83	19
2239	83	20
2240	83	21
2241	83	22
2242	83	23
2243	83	24
2244	83	25
2245	83	26
2246	83	27
2247	83	28
2248	83	29
2249	83	30
2250	83	31
2251	83	32
2252	83	33
2253	83	34
2254	83	35
2255	84	1
2256	84	2
2257	84	3
2258	84	4
2259	84	5
2260	84	6
2261	84	7
2262	84	8
2263	84	9
2264	84	10
2265	84	11
2266	84	12
2267	84	13
2268	84	14
2269	84	15
2270	84	16
2271	84	17
2272	84	18
2273	84	19
2274	84	20
2275	84	21
2276	84	22
2277	84	23
2278	84	24
2279	84	25
2280	84	26
2281	84	27
2282	84	28
2283	84	29
2284	84	30
2285	84	31
2286	84	32
2287	84	33
2288	84	34
2289	84	35
2290	84	36
2291	84	37
2292	84	38
2293	84	39
2294	84	40
2295	84	41
2296	84	42
2297	84	43
2298	84	44
2299	84	45
2300	84	46
2301	84	47
2302	84	48
2303	84	49
2304	85	1
2305	85	2
2306	85	3
2307	85	4
2308	85	5
2309	85	6
2310	85	7
2311	85	8
2312	85	9
2313	85	10
2314	85	11
2315	85	12
2316	85	13
2317	85	14
2318	85	15
2319	85	16
2320	85	17
2321	85	18
2322	85	19
2323	85	20
2324	85	21
2325	85	22
2326	85	23
2327	85	24
2328	85	25
2329	85	26
2330	86	1
2331	86	2
2332	86	3
2333	86	4
2334	87	1
2335	87	2
2336	87	3
2337	87	4
2338	87	5
2339	87	6
2340	87	7
2341	87	8
2342	87	9
2343	87	10
2344	87	11
2345	87	12
2346	87	13
2347	87	14
2348	87	15
2349	87	16
2350	87	17
2351	87	18
2352	87	19
2353	87	20
2354	87	21
2355	87	22
2356	88	1
2357	88	2
2358	88	3
2359	88	4
2360	88	5
2361	88	6
2362	88	7
2363	88	8
2364	88	9
2365	88	10
2366	88	11
2367	88	12
2368	88	13
2369	88	14
2370	88	15
2371	88	16
2372	88	17
2373	88	18
2374	98	1
2375	98	2
2376	98	3
2377	98	4
2378	98	5
2379	98	6
2380	98	7
2381	98	8
2382	98	9
2383	98	10
2384	98	11
2385	98	12
2386	98	13
2387	98	14
2388	98	15
2389	99	1
2390	99	2
2391	99	3
2392	99	4
2393	99	5
2394	99	6
2395	99	7
2396	99	8
2397	99	9
2398	99	10
2399	99	11
2400	99	12
2401	99	13
2402	99	14
2403	99	15
2404	99	16
2405	99	17
2406	99	18
2407	99	19
2408	99	20
2409	99	21
2410	99	22
2411	99	23
2412	99	24
2413	99	25
2414	99	26
2415	99	27
2416	99	28
2417	99	29
2418	99	30
2419	99	31
2420	99	32
2421	99	33
2422	99	34
2423	99	35
2424	99	36
2425	99	37
2426	99	38
2427	99	39
2428	99	40
2429	99	41
2430	99	42
2431	99	43
2432	99	44
2433	99	45
2434	99	46
2435	100	1
2436	104	1
2437	104	2
2438	104	3
2439	104	4
2440	104	5
2441	104	6
2442	104	7
2443	104	8
2444	104	9
2445	104	10
2446	104	11
2447	104	12
2448	104	13
2449	104	14
2450	104	15
2451	104	16
2452	104	17
2453	104	18
2454	104	19
2455	104	20
2456	104	21
2457	104	22
2458	105	1
2459	105	2
2460	105	3
2461	105	4
2462	105	5
2463	105	6
2464	105	7
2465	105	8
2466	105	9
2467	105	10
2468	105	11
2469	105	12
2470	105	13
2471	105	14
2472	105	15
2473	105	16
2474	105	17
2475	105	18
2476	105	19
2477	105	20
2478	105	21
2479	105	22
2480	105	23
2481	105	24
2482	105	25
2483	105	26
2484	105	27
2485	105	28
2486	105	29
2487	105	30
2488	105	31
2489	105	32
2490	105	33
2491	105	34
2492	105	35
2493	105	36
2494	105	37
2495	106	1
2496	106	2
2497	106	3
2498	106	4
2499	106	5
2500	106	6
2501	106	7
2502	101	1
2503	101	2
2504	103	1
2505	103	2
2506	103	3
2507	103	4
2508	103	5
2509	103	6
2510	103	7
2511	103	8
2512	103	9
2513	103	10
2514	103	11
2515	103	12
2516	103	13
2517	103	14
2518	103	15
2519	103	16
2520	103	17
2521	103	18
2522	103	19
2523	103	20
2524	103	21
2525	103	22
2526	103	23
2527	103	24
2528	103	25
2529	103	26
2530	103	27
2531	103	28
2532	103	29
2533	103	30
2534	103	31
2535	103	32
2536	103	33
2537	103	34
2538	103	35
2539	103	36
2540	103	37
2541	103	38
2542	103	39
2543	103	40
2544	103	41
2545	103	42
2546	103	43
2547	103	44
2548	103	45
2549	103	46
2550	103	47
2551	107	1
2552	107	2
2553	107	3
2554	107	4
2555	107	5
2556	107	6
2557	107	7
2558	107	8
2559	107	9
2560	107	10
2561	107	11
2562	107	12
2563	108	1
2564	108	2
2565	108	3
2566	108	4
2567	108	5
2568	108	6
2569	108	7
2570	108	8
2571	108	9
2572	108	10
2573	108	11
2574	108	12
2575	108	13
2576	108	14
2577	108	15
2578	108	16
2579	108	17
2580	108	18
2581	108	19
2582	108	20
2583	108	21
2584	108	22
2585	108	23
2586	108	24
2587	108	25
2588	108	26
2589	108	27
2590	108	28
2591	108	29
2592	108	30
2593	108	31
2594	108	32
2595	108	33
2596	108	34
2597	108	35
2598	108	36
2599	108	37
2600	108	38
2601	109	1
2602	109	2
2603	109	3
2604	109	4
2605	109	5
2606	109	6
2607	109	7
2608	109	8
2609	109	9
2610	109	10
2611	109	11
2612	109	12
2613	109	13
2614	109	14
2615	109	15
2616	109	16
2617	109	17
2618	109	18
2619	109	19
2620	109	20
2621	109	21
2622	109	22
2623	109	23
2624	109	24
2625	109	25
2626	109	26
2627	109	27
2628	109	28
2629	109	29
2630	109	30
2631	109	31
2632	109	32
\.


--
-- Data for Name: contents; Type: TABLE DATA; Schema: public; Owner: epathshala
--

COPY public.contents (content_id, date_of_creation, content_type, rate, title, description, course_id) FROM stdin;
58	2020-10-15	PAGE      	0	Getting ready for performing transformations	Description of page 'Getting ready for performing transformations'                                  	3
75	2020-10-15	PAGE      	0	Properties of translations	Description of page 'Properties of translations'                                                    	3
76	2020-10-15	QUIZ      	0	Translate points	Description of quiz 'Translate points'                                                              	3
11	2019-10-19	PAGE      	0	Evaluating expressions with one variable	Description of page 'Evaluating expressions with one variable'                                      	1
13	2019-10-19	PAGE      	0	Evaluating expressions with two variables	Description of page 'Evaluating expressions with two variables'                                     	1
15	2019-10-19	PAGE      	0	Evaluating expressions with two variables: fractions & decimals	Description of page 'Evaluating expressions with two variables: fractions & decimals'               	1
16	2019-10-19	QUIZ      	0	Evaluating expressions with multiple variables	Description of quiz 'Evaluating expressions with multiple variables'                                	1
17	2019-10-19	QUIZ      	0	Evaluating expressions with multiple variables: fractions and decimals	Description of quiz 'Evaluating expressions with multiple variables: fractions and decimals'        	1
21	2019-10-19	QUIZ      	0	Combining like terms with negative coefficients	Description of quiz 'Combining like terms with negative coefficients'                               	1
22	2019-10-19	QUIZ      	0	Combining like terms with negative coefficients and distribution	Description of quiz 'Combining like terms with negative coefficients and distribution'              	1
23	2019-10-19	QUIZ      	0	Combining like terms with rational coefficients	Description of quiz 'Combining like terms with rational coefficients'                               	1
88	2020-03-11	QUIZ      	0	Traingle ratios in right triangles	Description of quiz 'Traingle ratios in right triangles'                                            	4
74	2020-10-15	VIDEO     	0	Transition challenge problem	Description of video 'Transition challenge problem'                                                 	3
12	2019-10-19	VIDEO     	0	Evaluating expressions with two variables	Description of video 'Evaluating expressions with two variables'                                    	1
14	2019-10-19	VIDEO     	0	Evaluating expressions with two variables: fractions & decimals	Description of video 'Evaluating expressions with two variables: fractions & decimals'              	1
18	2019-10-19	VIDEO     	0	Combining like terms with negative coefficients & distribution	Description of video 'Combining like terms with negative coefficients & distribution'               	1
19	2019-10-19	VIDEO     	0	Combining like terms with negative coefficients	Description of video 'Combining like terms with negative coefficients'                              	1
48	2019-10-01	QUIZ      	0	Multiply monomials by polynomials	Description of quiz 'Multiply monomials by polynomials'                                             	2
51	2019-10-01	PAGE      	0	Multiply binomials by polynomials review	Description of page 'Multiply binomials by polynomials review'                                      	2
52	2019-10-01	QUIZ      	0	Multiply binomials by polynomials: area model	Description of quiz 'Multiply binomials by polynomials: area model'                                 	2
77	2020-10-15	QUIZ      	0	Determining translations	Description of quiz 'Determining translations'                                                      	3
4	2019-10-19	VIDEO     	0	Creativity break: Why is creativity importants in algebra?	Description of video 'Creativity break: Why is creativity importants in algebra?'                   	1
5	2019-10-19	VIDEO     	0	Intro to the coordinate plane	Description of video 'Intro to the coordinate plane'                                                	1
6	2019-10-19	VIDEO     	0	Why all the letters in algebra?	Description of video 'Why all the letters in algebra?'                                              	1
7	2019-10-19	VIDEO     	0	What is a variable?	Description of video 'What is a variable?'                                                          	1
8	2019-10-19	VIDEO     	0	Why aren't we using the multiplication sign?	Description of video 'Why aren't we using the multiplication sign?'                                 	1
9	2019-10-19	VIDEO     	0	Creativity break: Why is creativity important in STEM jobs?	Description of video 'Creativity break: Why is creativity important in STEM jobs?'                  	1
25	2019-10-19	QUIZ      	0	Equivalent expressions	Description of quiz 'Equivalent expressions'                                                        	1
33	2019-10-01	QUIZ      	0	Average rate of change of polynomials	Description of quiz 'Average rate of change of polynomials'                                         	2
37	2019-10-01	PAGE      	0	Adding and subtracting polynomials review	Description of page 'Adding and subtracting polynomials review'                                     	2
10	2019-10-19	VIDEO     	0	Evaluating expressions with one variable	Description of video 'Evaluating expressions with one variable'                                     	1
20	2019-10-19	VIDEO     	0	Combining like terms with rational coefficients	Description of video 'Combining like terms with rational coefficients'                              	1
24	2019-10-19	VIDEO     	0	Equivalent expressions	Description of video 'Equivalent expressions'                                                       	1
26	2019-10-19	VIDEO     	0	Why dividing by zero is undefined?	Description of video 'Why dividing by zero is undefined?'                                           	1
99	2020-10-16	VIDEO     	0	What is Programming?	Description of video 'What is Programming?'                                                         	7
27	2019-10-19	VIDEO     	0	The problem with dividing zero by zero	Description of video 'The problem with dividing zero by zero'                                       	1
28	2019-10-19	VIDEO     	0	Undefined and indeterminate expressions	Description of video 'Undefined and indeterminate expressions'                                      	1
29	2019-10-01	VIDEO     	0	Polinomials intro	Description of video 'Polinomials intro'                                                            	2
30	2019-10-01	VIDEO     	0	The parts of polynomial expressions	Description of video 'The parts of polynomial expressions'                                          	2
31	2019-10-01	VIDEO     	0	Finding average rate of change of polynomials	Description of video 'Finding average rate of change of polynomials'                                	2
32	2019-10-01	VIDEO     	0	Sign of average rate of change of polynomials	Description of video 'Sign of average rate of change of polynomials'                                	2
34	2019-10-01	VIDEO     	0	Adding polynomials	Description of video 'Adding polynomials'                                                           	2
35	2019-10-01	VIDEO     	0	Subtracting polynomials	Description of video 'Subtracting polynomials'                                                      	2
36	2019-10-01	VIDEO     	0	Polynomial subtraction	Description of video 'Polynomial subtraction'                                                       	2
41	2019-10-01	VIDEO     	0	Multiplying monomials	Description of video 'Multiplying monomials'                                                        	2
42	2019-10-01	VIDEO     	0	Multiplying monomials by polynomials: area model	Description of video 'Multiplying monomials by polynomials: area model'                             	2
43	2019-10-01	VIDEO     	0	Area model for multiplying monomials with negative terms	Description of video 'Area model for multiplying monomials with negative terms'                     	2
92	2020-03-12	VIDEO     	0	Interpreting a histogram	Description of video 'Interpreting a histogram'                                                     	5
50	2019-10-01	VIDEO     	0	Multiply binomials by polynomials	Description of video 'Multiply binomials by polynomials'                                            	2
57	2019-10-01	QUIZ      	0	Polynomial special products: perfect square	Description of quiz 'Polynomial special products: perfect square'                                   	2
78	2020-10-15	QUIZ      	0	Translate shapes	Description of quiz 'Translate shapes'                                                              	3
79	2020-03-11	PAGE      	0	Getting ready for right triangles and trigonometry	Description of page 'Getting ready for right triangles and trigonometry'                            	4
80	2020-03-11	PAGE      	0	Hypotenuse, opposite and trigonometry	Description of page 'Hypotenuse, opposite and trigonometry'                                         	4
38	2019-10-01	QUIZ      	0	Add polynomials (intro)	Description of quiz 'Add polynomials (intro)'                                                       	2
39	2019-10-01	QUIZ      	0	Subtract polynomials (intro)	Description of quiz 'Subtract polynomials (intro)'                                                  	2
40	2019-10-01	QUIZ      	0	Add and subtract polynomials	Description of quiz 'Add and subtract polynomials'                                                  	2
93	2020-03-12	QUIZ      	0	Create histograms	Description of quiz 'Create histograms'                                                             	5
94	2020-03-12	QUIZ      	0	Read histograms	Description of quiz 'Read histograms'                                                               	5
90	2020-03-12	QUIZ      	0	Reading dot plots & frequency tables	Description of quiz 'Reading dot plots & frequency tables'                                          	5
62	2020-10-15	QUIZ      	0	Geometric definitions	Description of quiz 'Geometric definitions'                                                         	3
65	2020-10-15	PAGE      	0	Translations intro	Description of page 'Translations intro'                                                            	3
66	2020-10-15	PAGE      	0	Rotations intro	Description of page 'Rotations intro'                                                               	3
68	2020-10-15	QUIZ      	0	Identify transformations	Description of quiz 'Identify transformations'                                                      	3
71	2020-10-15	PAGE      	0	Determining translations	Description of page 'Determining translations'                                                      	3
73	2020-10-15	PAGE      	0	Translating shapes	Description of page 'Translating shapes'                                                            	3
45	2019-10-01	PAGE      	0	Multiplying monomials by polynomials review	Description of page 'Multiplying monomials by polynomials review'                                   	2
46	2019-10-01	QUIZ      	0	Multiply monomials	Description of quiz 'Multiply monomials'                                                            	2
47	2019-10-01	QUIZ      	0	Multiply monomials by polynomials: area model	Description of quiz 'Multiply monomials by polynomials: area model'                                 	2
53	2019-10-01	QUIZ      	0	Multiply binomials by polynomials	Description of quiz 'Multiply binomials by polynomials'                                             	2
56	2019-10-01	QUIZ      	0	Polynomial special products: difference of squares	Description of quiz 'Polynomial special products: difference of squares'                            	2
81	2020-03-11	PAGE      	0	Side ratios in right triangles as afunction of the angles	Description of page 'Side ratios in right triangles as afunction of the angles'                     	4
84	2020-03-11	QUIZ      	0	Use ratios in right triangles	Description of quiz 'Use ratios in right triangles'                                                 	4
87	2020-03-11	PAGE      	0	Traingle ratios in right triangles	Description of page 'Traingle ratios in right triangles'                                            	4
100	2020-10-16	PAGE      	0	Learn programming on ePathshala	Description of page 'Learn programming on ePathshala'                                               	7
104	2021-03-13	PAGE      	0	How do computers represent data?	Description of page 'How do computers represent data?'                                              	9
106	2021-03-13	PAGE      	0	Bits (binary digits)	Description of page 'Bits (binary digits)'                                                          	9
95	2020-05-08	VIDEO     	0	Identifying individuals, variables and catagorical variables in a data set	Description of video 'Identifying individuals, variables and catagorical variables in a data set'   	6
96	2020-05-08	VIDEO     	0	Reading pictographs	Description of video 'Reading pictographs'                                                          	6
97	2020-05-08	VIDEO     	0	Reading bar graphs	Description of video 'Reading bar graphs'                                                           	6
102	2020-11-13	VIDEO     	0	Scarcity	Description of video 'Scarcity'                                                                     	8
89	2020-03-12	VIDEO     	0	Frequency tables and dot plots	Description of video 'Frequency tables and dot plots'                                               	5
91	2020-03-12	VIDEO     	0	Creating a histogram	Description of video 'Creating a histogram'                                                         	5
59	2020-10-15	VIDEO     	0	Euclid as father of geometry	Description of video 'Euclid as father of geometry'                                                 	3
60	2020-10-15	VIDEO     	0	Terms & labels in geometry	Description of video 'Terms & labels in geometry'                                                   	3
61	2020-10-15	VIDEO     	0	Geometric definitions example	Description of video 'Geometric definitions example'                                                	3
63	2020-10-15	VIDEO     	0	Rigid transformations intro	Description of video 'Rigid transformations intro'                                                  	3
64	2020-10-15	VIDEO     	0	Dilations intro	Description of video 'Dilations intro'                                                              	3
1	2019-10-19	VIDEO     	0	Origins of algebra	Description of video 'Origins of algebra'                                                           	1
2	2019-10-19	VIDEO     	0	Abstract-ness	Description of video 'Abstract-ness'                                                                	1
3	2019-10-19	VIDEO     	0	The beauty of algebra	Description of video 'The beauty of algebra'                                                        	1
67	2020-10-15	VIDEO     	0	Identifying transformations	Description of video 'Identifying transformations'                                                  	3
69	2020-10-15	VIDEO     	0	Translating points	Description of video 'Translating points'                                                           	3
70	2020-10-15	VIDEO     	0	Determining translations	Description of video 'Determining translations'                                                     	3
72	2020-10-15	VIDEO     	0	Translating shapes	Description of video 'Translating shapes'                                                           	3
44	2019-10-01	VIDEO     	0	Multiplying monomials by polynomials	Description of video 'Multiplying monomials by polynomials'                                         	2
49	2019-10-01	VIDEO     	0	Multiply binomials by polynomials: area model	Description of video 'Multiply binomials by polynomials: area model'                                	2
54	2019-10-01	VIDEO     	0	Polynomial special products: difference of squares	Description of video 'Polynomial special products: difference of squares'                           	2
55	2019-10-01	VIDEO     	0	Polynomial special products: perfect square	Description of video 'Polynomial special products: perfect square'                                  	2
82	2020-03-11	VIDEO     	0	Using similarity to estimate ratio between side lengths	Description of video 'Using similarity to estimate ratio between side lengths'                      	4
83	2020-03-11	VIDEO     	0	Using right triangle ratios to approximate angle measure	Description of video 'Using right triangle ratios to approximate angle measure'                     	4
98	2020-05-08	VIDEO     	0	Creating a bar graph	Description of video 'Creating a bar graph'                                                         	6
85	2020-03-11	VIDEO     	0	Triangle similarity & the trigonometric ratios	Description of video 'Triangle similarity & the trigonometric ratios'                               	4
86	2020-03-11	VIDEO     	0	Traingle ratios in right triangles	Description of video 'Traingle ratios in right triangles'                                           	4
105	2021-03-13	VIDEO     	0	Binary and data	Description of video 'Binary and data'                                                              	9
101	2020-11-13	VIDEO     	0	Introduction to economics	Description of video 'Introduction to economics'                                                    	8
103	2020-11-13	VIDEO     	0	Scarcity and rivalry	Description of video 'Scarcity and rivalry'                                                         	8
107	2021-05-15	VIDEO     	0	Introoduction to economics	Description of video 'Introoduction to economics'                                                   	10
108	2021-05-15	VIDEO     	0	Scarcity	Description of video 'Scarcity'                                                                     	10
109	2021-05-15	VIDEO     	0	Normative and positive statements	Description of video 'Normative and positive statements'                                            	10
\.


--
-- Data for Name: course_tags; Type: TABLE DATA; Schema: public; Owner: epathshala
--

COPY public.course_tags (tag_id, course_id) FROM stdin;
1	1
1	2
1	3
1	4
1	5
1	6
2	3
2	4
3	7
3	9
4	9
5	8
5	10
\.


--
-- Data for Name: courses; Type: TABLE DATA; Schema: public; Owner: epathshala
--

COPY public.courses (course_id, title, description, date_of_creation, price, creator_id) FROM stdin;
1	Algebra 1	Introduction to algebra                                                                             	2019-10-19	500	51
2	Algebra 2	Some advanced topics on algebra                                                                     	2019-10-01	500	52
3	Geometry	Learn geometry having fun                                                                           	2020-10-15	600	53
4	Trigonometry	Master trigonometry                                                                                 	2020-03-11	600	54
5	Statistics	Learn statistics basics                                                                             	2020-03-12	700	55
6	Statistics and Probablity	Learn statistics and probablity                                                                     	2020-05-08	700	56
7	Computer Programming	Learn the art of programming                                                                        	2020-10-16	1000	57
8	Microeconomics	Learn microeconomics                                                                                	2020-11-13	500	58
9	Computers and Internet	Learn how the amazing world of internet works                                                       	2021-03-13	1200	59
10	Macroeconomics	Learn macroeconomics                                                                                	2021-05-15	500	60
\.


--
-- Data for Name: credit_card_users; Type: TABLE DATA; Schema: public; Owner: epathshala
--

COPY public.credit_card_users (credit_card_id, bank_id) FROM stdin;
2	1
8	1
9	1
13	1
14	1
15	1
18	1
21	1
23	1
25	1
26	1
32	1
33	1
37	1
38	1
40	1
43	1
45	1
46	1
47	1
49	1
54	1
56	1
4	2
5	2
6	2
7	2
17	2
20	2
22	2
24	2
27	2
29	2
30	2
31	2
34	2
36	2
41	2
42	2
44	2
55	2
1	3
3	3
10	3
11	3
12	3
16	3
19	3
28	3
35	3
39	3
48	3
50	3
51	3
52	3
53	3
57	3
58	3
59	3
\.


--
-- Data for Name: enrolled_courses; Type: TABLE DATA; Schema: public; Owner: epathshala
--

COPY public.enrolled_courses (user_id, course_id, date_of_join) FROM stdin;
1	1	2020-01-08
1	2	2020-01-08
2	1	2020-05-16
2	2	2020-05-16
2	3	2020-05-16
2	4	2020-05-16
2	5	2020-05-16
2	6	2020-05-16
2	7	2020-05-16
2	8	2020-05-16
3	1	2021-07-15
3	2	2021-07-15
4	1	2021-12-14
5	1	2021-06-28
6	1	2021-04-06
6	2	2021-04-06
6	3	2021-04-06
6	4	2021-04-06
7	1	2020-03-15
7	2	2020-03-15
7	3	2020-03-15
7	4	2020-03-15
7	5	2020-03-15
7	6	2020-03-15
8	1	2021-09-05
8	2	2021-09-05
8	3	2021-09-05
8	4	2021-09-05
8	5	2021-09-05
8	6	2021-09-05
8	7	2021-09-05
9	1	2021-03-02
9	2	2021-03-02
9	3	2021-03-02
9	4	2021-03-02
9	5	2021-03-02
9	6	2021-03-02
9	7	2021-03-02
9	8	2021-03-02
9	9	2021-03-02
10	1	2021-05-04
10	2	2021-05-04
10	3	2021-05-04
10	4	2021-05-04
10	5	2021-05-04
10	6	2021-05-04
10	7	2021-05-04
10	8	2021-05-04
10	9	2021-05-04
11	1	2021-01-04
11	2	2021-01-04
11	3	2021-01-04
11	4	2021-01-04
11	5	2021-01-04
11	6	2021-01-04
11	7	2021-01-04
12	1	2020-10-16
12	2	2020-10-16
12	3	2020-10-16
12	4	2020-10-16
12	5	2020-10-16
12	6	2020-10-16
12	7	2020-10-16
13	1	2020-03-08
13	2	2020-03-08
13	3	2020-03-08
14	1	2021-02-15
14	2	2021-02-15
14	3	2021-02-15
14	4	2021-02-15
14	5	2021-02-15
14	6	2021-02-15
14	7	2021-02-15
14	8	2021-02-15
14	9	2021-02-15
14	10	2021-02-15
15	1	2021-07-03
15	2	2021-07-03
15	3	2021-07-03
15	4	2021-07-03
16	1	2020-02-16
16	2	2020-02-16
16	3	2020-02-16
17	1	2020-01-26
17	2	2020-01-26
17	3	2020-01-26
17	4	2020-01-26
17	5	2020-01-26
17	6	2020-01-26
17	7	2020-01-26
17	8	2020-01-26
18	1	2021-03-23
18	2	2021-03-23
18	3	2021-03-23
19	1	2021-04-09
19	2	2021-04-09
19	3	2021-04-09
19	4	2021-04-09
19	5	2021-04-09
20	1	2020-02-17
20	2	2020-02-17
20	3	2020-02-17
20	4	2020-02-17
20	5	2020-02-17
21	1	2020-02-11
21	2	2020-02-11
21	3	2020-02-11
22	1	2020-04-21
22	2	2020-04-21
23	1	2021-02-16
23	2	2021-02-16
23	3	2021-02-16
23	4	2021-02-16
23	5	2021-02-16
24	1	2020-08-01
24	2	2020-08-01
24	3	2020-08-01
25	1	2020-12-15
25	2	2020-12-15
25	3	2020-12-15
25	4	2020-12-15
25	5	2020-12-15
25	6	2020-12-15
26	1	2021-07-20
26	2	2021-07-20
26	3	2021-07-20
27	1	2021-01-01
28	1	2020-04-27
28	2	2020-04-27
28	3	2020-04-27
28	4	2020-04-27
28	5	2020-04-27
29	1	2020-12-13
29	2	2020-12-13
29	3	2020-12-13
29	4	2020-12-13
30	1	2021-08-25
30	2	2021-08-25
30	3	2021-08-25
31	1	2020-05-17
31	2	2020-05-17
31	3	2020-05-17
31	4	2020-05-17
31	5	2020-05-17
32	1	2020-05-15
32	2	2020-05-15
32	3	2020-05-15
33	1	2021-12-22
33	2	2021-12-22
33	3	2021-12-22
33	4	2021-12-22
33	5	2021-12-22
33	6	2021-12-22
33	7	2021-12-22
33	8	2021-12-22
34	1	2021-04-28
34	2	2021-04-28
34	3	2021-04-28
34	4	2021-04-28
34	5	2021-04-28
34	6	2021-04-28
35	1	2021-03-15
35	2	2021-03-15
35	3	2021-03-15
35	4	2021-03-15
35	5	2021-03-15
36	1	2020-09-04
36	2	2020-09-04
36	3	2020-09-04
36	4	2020-09-04
36	5	2020-09-04
36	6	2020-09-04
37	1	2021-01-28
37	2	2021-01-28
37	3	2021-01-28
37	4	2021-01-28
37	5	2021-01-28
38	1	2021-11-05
38	2	2021-11-05
38	3	2021-11-05
38	4	2021-11-05
38	5	2021-11-05
39	1	2020-11-13
39	2	2020-11-13
39	3	2020-11-13
39	4	2020-11-13
39	5	2020-11-13
39	6	2020-11-13
39	7	2020-11-13
39	8	2020-11-13
39	9	2020-11-13
40	1	2020-05-26
40	2	2020-05-26
40	3	2020-05-26
41	1	2020-08-16
41	2	2020-08-16
41	3	2020-08-16
41	4	2020-08-16
41	5	2020-08-16
41	6	2020-08-16
41	7	2020-08-16
42	1	2021-05-02
42	2	2021-05-02
42	3	2021-05-02
42	4	2021-05-02
42	5	2021-05-02
42	6	2021-05-02
42	7	2021-05-02
43	1	2021-03-03
43	2	2021-03-03
43	3	2021-03-03
43	4	2021-03-03
43	5	2021-03-03
43	6	2021-03-03
43	7	2021-03-03
43	8	2021-03-03
43	9	2021-03-03
44	1	2021-12-07
44	2	2021-12-07
44	3	2021-12-07
45	1	2020-10-06
45	2	2020-10-06
45	3	2020-10-06
45	4	2020-10-06
46	1	2021-08-20
46	2	2021-08-20
46	3	2021-08-20
46	4	2021-08-20
46	5	2021-08-20
46	6	2021-08-20
47	1	2021-09-15
47	2	2021-09-15
47	3	2021-09-15
47	4	2021-09-15
47	5	2021-09-15
47	6	2021-09-15
47	7	2021-09-15
48	1	2020-11-28
48	2	2020-11-28
48	3	2020-11-28
48	4	2020-11-28
48	5	2020-11-28
48	6	2020-11-28
49	1	2020-07-11
49	2	2020-07-11
49	3	2020-07-11
49	4	2020-07-11
49	5	2020-07-11
50	1	2021-07-20
50	2	2021-07-20
\.


--
-- Data for Name: quiz_grades; Type: TABLE DATA; Schema: public; Owner: epathshala
--

COPY public.quiz_grades (user_id, content_id, grade) FROM stdin;
\.


--
-- Data for Name: students; Type: TABLE DATA; Schema: public; Owner: epathshala
--

COPY public.students (user_id, interests, date_of_join, rank_point) FROM stdin;
1	null	2020-01-08	0
2	null	2020-05-16	0
3	null	2021-07-15	0
4	null	2021-12-14	0
5	null	2021-06-28	0
6	null	2021-04-06	0
7	null	2020-03-15	0
8	null	2021-09-05	0
9	null	2021-03-02	0
10	null	2021-05-04	0
11	null	2021-01-04	0
12	null	2020-10-16	0
13	null	2020-03-08	0
14	null	2021-02-15	0
15	null	2021-07-03	0
16	null	2020-02-16	0
17	null	2020-01-26	0
18	null	2021-03-23	0
19	null	2021-04-09	0
20	null	2020-02-17	0
21	null	2020-02-11	0
22	null	2020-04-21	0
23	null	2021-02-16	0
24	null	2020-08-01	0
25	null	2020-12-15	0
26	null	2021-07-20	0
27	null	2021-01-01	0
28	null	2020-04-27	0
29	null	2020-12-13	0
30	null	2021-08-25	0
31	null	2020-05-17	0
32	null	2020-05-15	0
33	null	2021-12-22	0
34	null	2021-04-28	0
35	null	2021-03-15	0
36	null	2020-09-04	0
37	null	2021-01-28	0
38	null	2021-11-05	0
39	null	2020-11-13	0
40	null	2020-05-26	0
41	null	2020-08-16	0
42	null	2021-05-02	0
43	null	2021-03-03	0
44	null	2021-12-07	0
45	null	2020-10-06	0
46	null	2021-08-20	0
47	null	2021-09-15	0
48	null	2020-11-28	0
49	null	2020-07-11	0
50	null	2021-07-20	0
\.


--
-- Data for Name: tags; Type: TABLE DATA; Schema: public; Owner: epathshala
--

COPY public.tags (tag_id, tag_name) FROM stdin;
1	math      
2	geometry  
3	computer  
4	internet  
5	economics 
\.


--
-- Data for Name: teachers; Type: TABLE DATA; Schema: public; Owner: epathshala
--

COPY public.teachers (user_id, specilaity, date_of_join) FROM stdin;
51	math	2019-10-19
52	math	2019-10-01
53	math	2020-10-15
54	math	2020-03-11
55	math	2020-03-12
56	math	2020-05-08
57	computer	2020-10-16
58	economics	2020-11-13
59	computer	2021-03-13
60	economics	2021-05-15
\.


--
-- Data for Name: users; Type: TABLE DATA; Schema: public; Owner: epathshala
--

COPY public.users (user_id, full_name, security_key, date_of_birth, bio, email, address, user_type, gender, credit_card_id, bank_id) FROM stdin;
2	Marisol Hicks	3AikoA0u                        	1997-11-04	                                                                                                    	marisol445@gmail.com	null	STUDENT   	f	2	1
3	Jose Sylvester	9fG6&M^)                        	2000-03-06	                                                                                                    	jose7038@gmail.com	null	STUDENT   	m	3	3
4	William Adams	EWqqZ2JB                        	1993-11-21	                                                                                                    	william2284@gmail.com	null	STUDENT   	m	4	2
5	Michelle Kimmell	#$^*MEfT                        	1992-05-18	                                                                                                    	michelle2802@gmail.com	null	STUDENT   	f	5	2
6	Ashley Langston	ES3wGahg                        	1980-03-27	                                                                                                    	ashley932@gmail.com	null	STUDENT   	f	6	2
7	Allyson Moschetti	eHzxS3kI                        	1997-12-05	                                                                                                    	allyson3467@gmail.com	null	STUDENT   	f	7	2
8	Dolores White	nc!zhv16                        	1994-09-24	                                                                                                    	dolores2369@gmail.com	null	STUDENT   	f	8	1
9	Dorothy Alford	ycWB7umn                        	1998-01-04	                                                                                                    	dorothy1775@gmail.com	null	STUDENT   	f	9	1
10	Beth Smith	(EniNGwX                        	1997-09-18	                                                                                                    	beth3902@gmail.com	null	STUDENT   	f	10	3
11	Lila Crawford	zanlaT7L                        	1983-10-20	                                                                                                    	lila6053@gmail.com	null	STUDENT   	f	11	3
12	Devon Steger	rKXI7fF6                        	1991-06-09	                                                                                                    	devon1321@gmail.com	null	STUDENT   	m	12	3
13	Al Lynch	XZH22#AL                        	1989-07-24	                                                                                                    	al8986@gmail.com	null	STUDENT   	m	13	1
14	Joi Bellefeuille	*k$^Ckq5                        	1992-11-17	                                                                                                    	joi6193@gmail.com	null	STUDENT   	f	14	1
15	Kimberly Toler	R*WM9uNg                        	1981-04-06	                                                                                                    	kimberly1991@gmail.com	null	STUDENT   	f	15	1
16	Tonya Harris	NVR(iOdS                        	1998-03-20	                                                                                                    	tonya6665@gmail.com	null	STUDENT   	f	16	3
17	Joseph Sharp	G!i^hr&a                        	1993-12-28	                                                                                                    	joseph7068@gmail.com	null	STUDENT   	m	17	2
18	Carrie Andrew	d)aM42P&                        	1987-09-24	                                                                                                    	carrie7877@gmail.com	null	STUDENT   	f	18	1
19	Louis Laster	&*nI3!Zl                        	1989-01-12	                                                                                                    	louis9310@gmail.com	null	STUDENT   	m	19	3
20	Dustin Coppinger	7v)omJZJ                        	1997-11-25	                                                                                                    	dustin8186@gmail.com	null	STUDENT   	m	20	2
21	Hilario Skrine	5xfFTANs                        	1995-12-05	                                                                                                    	hilario581@gmail.com	null	STUDENT   	m	21	1
22	Crystal Warnick	neT9zz7N                        	1992-10-03	                                                                                                    	crystal478@gmail.com	null	STUDENT   	f	22	2
23	Mamie Richmond	#&u%zBrB                        	1991-12-04	                                                                                                    	mamie4456@gmail.com	null	STUDENT   	f	23	1
24	Bryan Harker	hkBT65*P                        	1984-10-04	                                                                                                    	bryan305@gmail.com	null	STUDENT   	m	24	2
25	Deborah Kachmarsky	qOzdTXu!                        	1987-06-06	                                                                                                    	deborah8755@gmail.com	null	STUDENT   	f	25	1
26	Sharon Valcourt	bQsC!@#1                        	1999-03-26	                                                                                                    	sharon6716@gmail.com	null	STUDENT   	f	26	1
27	Steven Hawkins	(MCn%xOo                        	1992-05-09	                                                                                                    	steven6322@gmail.com	null	STUDENT   	m	27	2
28	Michael Ellis	5h2SjA0d                        	1988-01-02	                                                                                                    	michael3105@gmail.com	null	STUDENT   	m	28	3
29	Willie Vieira	OEZkEXlb                        	1985-07-01	                                                                                                    	willie8026@gmail.com	null	STUDENT   	m	29	2
30	Shari Swartz	ak4sJBoC                        	1982-09-26	                                                                                                    	shari875@gmail.com	null	STUDENT   	f	30	2
31	Thomas Caraballo	z&sS!sb4                        	1990-01-03	                                                                                                    	thomas476@gmail.com	null	STUDENT   	m	31	2
32	Sharon Acker	4Q@j#^ym                        	1988-11-26	                                                                                                    	sharon5866@gmail.com	null	STUDENT   	f	32	1
33	James Thomas	OT@M(ECM                        	1984-08-02	                                                                                                    	james8865@gmail.com	null	STUDENT   	m	33	1
1	Mary Prezzia	$byEwzo&                        	1986-02-25	                                                                                                    	mary1151@gmail.com	null	STUDENT   	f	1	3
34	Reginald Contreras	FVqlcK9S                        	1992-07-17	                                                                                                    	reginald5090@gmail.com	null	STUDENT   	m	34	2
35	Robert Gartin	FTnV)z&E                        	1999-02-15	                                                                                                    	robert2831@gmail.com	null	STUDENT   	m	35	3
36	Sharon Gamino	yy%CiNR8                        	1999-11-17	                                                                                                    	sharon1938@gmail.com	null	STUDENT   	f	36	2
37	Cynthia Gonzalez	)jONn8WQ                        	1989-05-05	                                                                                                    	cynthia6438@gmail.com	null	STUDENT   	f	37	1
38	Brent Clower	VJhE$qb7                        	1998-05-18	                                                                                                    	brent4149@gmail.com	null	STUDENT   	m	38	1
39	Philip Vanderloo	*wKl%RMo                        	1985-05-13	                                                                                                    	philip6560@gmail.com	null	STUDENT   	m	39	3
40	Tana Kinloch	T92Sd^aQ                        	1995-05-24	                                                                                                    	tana6370@gmail.com	null	STUDENT   	f	40	1
41	Maria Summer	eyl8e5T5                        	1981-10-16	                                                                                                    	maria1475@gmail.com	null	STUDENT   	f	41	2
42	Douglas Mcgowan	6gU#Pj44                        	1992-05-09	                                                                                                    	douglas2320@gmail.com	null	STUDENT   	m	42	2
43	Noah Jamerson	tRmPPk1a                        	1984-02-25	                                                                                                    	noah2915@gmail.com	null	STUDENT   	m	43	1
44	Helen Burton	(0JR8z!y                        	1993-03-18	                                                                                                    	helen2377@gmail.com	null	STUDENT   	f	44	2
45	Crystal Hamby	KqKBEiJ)                        	1986-10-08	                                                                                                    	crystal1815@gmail.com	null	STUDENT   	f	45	1
46	Glen Basista	(k9&0#wf                        	1997-12-27	                                                                                                    	glen3930@gmail.com	null	STUDENT   	m	46	1
47	Rodney Wolfe	zYOeuFjF                        	1988-05-10	                                                                                                    	rodney23@gmail.com	null	STUDENT   	m	47	1
48	Lori Gilmore	atB8Adqc                        	1986-01-07	                                                                                                    	lori8056@gmail.com	null	STUDENT   	f	48	3
49	Kristina Shriver	Pm$8C^aK                        	1996-11-06	                                                                                                    	kristina8057@gmail.com	null	STUDENT   	f	49	1
50	William Kish	iqJ5imNi                        	1993-12-07	                                                                                                    	william3749@gmail.com	null	STUDENT   	m	50	3
51	Martha Marbley	Yo$Cr8kC                        	1986-05-26	                                                                                                    	martha4381@gmail.com	null	TEACHER   	f	51	3
52	Carolyn Watkins	@y5uDxXQ                        	2000-06-12	                                                                                                    	carolyn8065@gmail.com	null	TEACHER   	f	52	3
53	Diane Jones	U)WDWBQL                        	1998-06-24	                                                                                                    	diane6212@gmail.com	null	TEACHER   	f	53	3
54	Helena Nolder	Zs#lxydO                        	1992-11-09	                                                                                                    	helena1754@gmail.com	null	TEACHER   	f	54	1
55	Mike Mills	dvlDY)*o                        	1985-11-09	                                                                                                    	mike7179@gmail.com	null	TEACHER   	m	55	2
56	Charles Wiltberger	HHFv9URG                        	1982-09-21	                                                                                                    	charles2480@gmail.com	null	TEACHER   	m	56	1
57	Henry Depalma	3lrQ!(Zv                        	1993-06-27	                                                                                                    	henry4121@gmail.com	null	TEACHER   	m	57	3
60	Pamela Pemberton	czQpXFIM                        	1981-02-21	                                                                                                    	pamela4346@gmail.com	null	TEACHER   	f	60	3
58	Mario Barnett	&egIAT%%                        	1998-02-23	                                                                                                    	mario4755@gmail.com	null	TEACHER   	m	58	3
59	Hubert Rodriguez	knk(^vpi                        	1988-11-19	                                                                                                    	hubert3151@gmail.com	null	TEACHER   	m	59	3
\.


--
-- Name: comments_comment_id_seq; Type: SEQUENCE SET; Schema: public; Owner: epathshala
--

SELECT pg_catalog.setval('public.comments_comment_id_seq', 1, false);


--
-- Name: content_viewers_view_id_seq; Type: SEQUENCE SET; Schema: public; Owner: epathshala
--

SELECT pg_catalog.setval('public.content_viewers_view_id_seq', 1, false);


--
-- Name: contents_content_id_seq; Type: SEQUENCE SET; Schema: public; Owner: epathshala
--

SELECT pg_catalog.setval('public.contents_content_id_seq', 109, true);


--
-- Name: courses_course_id_seq; Type: SEQUENCE SET; Schema: public; Owner: epathshala
--

SELECT pg_catalog.setval('public.courses_course_id_seq', 1, false);


--
-- Name: tags_tag_id_seq; Type: SEQUENCE SET; Schema: public; Owner: epathshala
--

SELECT pg_catalog.setval('public.tags_tag_id_seq', 1, false);


--
-- Name: users_user_id_seq; Type: SEQUENCE SET; Schema: public; Owner: epathshala
--

SELECT pg_catalog.setval('public.users_user_id_seq', 1, true);


--
-- Name: banks bank_pkey; Type: CONSTRAINT; Schema: public; Owner: epathshala
--

ALTER TABLE ONLY public.banks
    ADD CONSTRAINT bank_pkey PRIMARY KEY (bank_id);


--
-- Name: comments comments_pkey; Type: CONSTRAINT; Schema: public; Owner: epathshala
--

ALTER TABLE ONLY public.comments
    ADD CONSTRAINT comments_pkey PRIMARY KEY (comment_id);


--
-- Name: content_viewers content_viewers_pkey; Type: CONSTRAINT; Schema: public; Owner: epathshala
--

ALTER TABLE ONLY public.content_viewers
    ADD CONSTRAINT content_viewers_pkey PRIMARY KEY (view_id);


--
-- Name: contents contents_pkey; Type: CONSTRAINT; Schema: public; Owner: epathshala
--

ALTER TABLE ONLY public.contents
    ADD CONSTRAINT contents_pkey PRIMARY KEY (content_id);


--
-- Name: course_tags course_tags_pkey; Type: CONSTRAINT; Schema: public; Owner: epathshala
--

ALTER TABLE ONLY public.course_tags
    ADD CONSTRAINT course_tags_pkey PRIMARY KEY (tag_id, course_id);


--
-- Name: courses courses_pkey; Type: CONSTRAINT; Schema: public; Owner: epathshala
--

ALTER TABLE ONLY public.courses
    ADD CONSTRAINT courses_pkey PRIMARY KEY (course_id);


--
-- Name: credit_card_users credit_card_users_pkey; Type: CONSTRAINT; Schema: public; Owner: epathshala
--

ALTER TABLE ONLY public.credit_card_users
    ADD CONSTRAINT credit_card_users_pkey PRIMARY KEY (credit_card_id);


--
-- Name: enrolled_courses enrolled_courses_pkey; Type: CONSTRAINT; Schema: public; Owner: epathshala
--

ALTER TABLE ONLY public.enrolled_courses
    ADD CONSTRAINT enrolled_courses_pkey PRIMARY KEY (user_id, course_id);


--
-- Name: quiz_grades quiz_id_pkey; Type: CONSTRAINT; Schema: public; Owner: epathshala
--

ALTER TABLE ONLY public.quiz_grades
    ADD CONSTRAINT quiz_id_pkey PRIMARY KEY (user_id, content_id);


--
-- Name: students students_pkey; Type: CONSTRAINT; Schema: public; Owner: epathshala
--

ALTER TABLE ONLY public.students
    ADD CONSTRAINT students_pkey PRIMARY KEY (user_id);


--
-- Name: tags tags_pkey; Type: CONSTRAINT; Schema: public; Owner: epathshala
--

ALTER TABLE ONLY public.tags
    ADD CONSTRAINT tags_pkey PRIMARY KEY (tag_id);


--
-- Name: tags tags_tag_name_key; Type: CONSTRAINT; Schema: public; Owner: epathshala
--

ALTER TABLE ONLY public.tags
    ADD CONSTRAINT tags_tag_name_key UNIQUE (tag_name);


--
-- Name: teachers teachers_pkey; Type: CONSTRAINT; Schema: public; Owner: epathshala
--

ALTER TABLE ONLY public.teachers
    ADD CONSTRAINT teachers_pkey PRIMARY KEY (user_id);


--
-- Name: users users_email_key; Type: CONSTRAINT; Schema: public; Owner: epathshala
--

ALTER TABLE ONLY public.users
    ADD CONSTRAINT users_email_key UNIQUE (email);


--
-- Name: users users_pkey; Type: CONSTRAINT; Schema: public; Owner: epathshala
--

ALTER TABLE ONLY public.users
    ADD CONSTRAINT users_pkey PRIMARY KEY (user_id);


--
-- Name: comments comments_commenter_id_fkey; Type: FK CONSTRAINT; Schema: public; Owner: epathshala
--

ALTER TABLE ONLY public.comments
    ADD CONSTRAINT comments_commenter_id_fkey FOREIGN KEY (commenter_id) REFERENCES public.users(user_id) ON UPDATE CASCADE ON DELETE SET NULL;


--
-- Name: comments comments_content_id_fkey; Type: FK CONSTRAINT; Schema: public; Owner: epathshala
--

ALTER TABLE ONLY public.comments
    ADD CONSTRAINT comments_content_id_fkey FOREIGN KEY (content_id) REFERENCES public.contents(content_id) ON UPDATE CASCADE ON DELETE CASCADE;


--
-- Name: content_viewers content_viewers_content_id_fkey; Type: FK CONSTRAINT; Schema: public; Owner: epathshala
--

ALTER TABLE ONLY public.content_viewers
    ADD CONSTRAINT content_viewers_content_id_fkey FOREIGN KEY (content_id) REFERENCES public.contents(content_id) ON UPDATE CASCADE ON DELETE SET NULL;


--
-- Name: content_viewers content_viewers_user_id_fkey; Type: FK CONSTRAINT; Schema: public; Owner: epathshala
--

ALTER TABLE ONLY public.content_viewers
    ADD CONSTRAINT content_viewers_user_id_fkey FOREIGN KEY (user_id) REFERENCES public.users(user_id) ON UPDATE CASCADE ON DELETE SET NULL;


--
-- Name: contents contents_course_id_fkey; Type: FK CONSTRAINT; Schema: public; Owner: epathshala
--

ALTER TABLE ONLY public.contents
    ADD CONSTRAINT contents_course_id_fkey FOREIGN KEY (course_id) REFERENCES public.courses(course_id) ON UPDATE CASCADE ON DELETE CASCADE;


--
-- Name: course_tags course_tags_course_id_fkey; Type: FK CONSTRAINT; Schema: public; Owner: epathshala
--

ALTER TABLE ONLY public.course_tags
    ADD CONSTRAINT course_tags_course_id_fkey FOREIGN KEY (course_id) REFERENCES public.courses(course_id) ON UPDATE CASCADE ON DELETE CASCADE;


--
-- Name: course_tags course_tags_tag_id_fkey; Type: FK CONSTRAINT; Schema: public; Owner: epathshala
--

ALTER TABLE ONLY public.course_tags
    ADD CONSTRAINT course_tags_tag_id_fkey FOREIGN KEY (tag_id) REFERENCES public.tags(tag_id) ON UPDATE CASCADE ON DELETE CASCADE;


--
-- Name: courses courses_creator_id_fkey; Type: FK CONSTRAINT; Schema: public; Owner: epathshala
--

ALTER TABLE ONLY public.courses
    ADD CONSTRAINT courses_creator_id_fkey FOREIGN KEY (creator_id) REFERENCES public.teachers(user_id) ON UPDATE CASCADE ON DELETE SET NULL;


--
-- Name: credit_card_users credit_card_users_bank_id_fkey; Type: FK CONSTRAINT; Schema: public; Owner: epathshala
--

ALTER TABLE ONLY public.credit_card_users
    ADD CONSTRAINT credit_card_users_bank_id_fkey FOREIGN KEY (bank_id) REFERENCES public.banks(bank_id) ON UPDATE CASCADE ON DELETE CASCADE;


--
-- Name: enrolled_courses enrolled_courses_course_id_fkey; Type: FK CONSTRAINT; Schema: public; Owner: epathshala
--

ALTER TABLE ONLY public.enrolled_courses
    ADD CONSTRAINT enrolled_courses_course_id_fkey FOREIGN KEY (course_id) REFERENCES public.courses(course_id) ON UPDATE CASCADE ON DELETE CASCADE;


--
-- Name: enrolled_courses enrolled_courses_user_id_fkey; Type: FK CONSTRAINT; Schema: public; Owner: epathshala
--

ALTER TABLE ONLY public.enrolled_courses
    ADD CONSTRAINT enrolled_courses_user_id_fkey FOREIGN KEY (user_id) REFERENCES public.students(user_id) ON UPDATE CASCADE ON DELETE CASCADE;


--
-- Name: quiz_grades quiz_id_content_id_fkey; Type: FK CONSTRAINT; Schema: public; Owner: epathshala
--

ALTER TABLE ONLY public.quiz_grades
    ADD CONSTRAINT quiz_id_content_id_fkey FOREIGN KEY (content_id) REFERENCES public.contents(content_id) ON UPDATE CASCADE ON DELETE CASCADE;


--
-- Name: quiz_grades quiz_id_user_id_fkey; Type: FK CONSTRAINT; Schema: public; Owner: epathshala
--

ALTER TABLE ONLY public.quiz_grades
    ADD CONSTRAINT quiz_id_user_id_fkey FOREIGN KEY (user_id) REFERENCES public.students(user_id) ON UPDATE CASCADE ON DELETE CASCADE;


--
-- Name: students students_user_id_fkey; Type: FK CONSTRAINT; Schema: public; Owner: epathshala
--

ALTER TABLE ONLY public.students
    ADD CONSTRAINT students_user_id_fkey FOREIGN KEY (user_id) REFERENCES public.users(user_id) ON UPDATE CASCADE ON DELETE CASCADE;


--
-- Name: teachers teachers_user_id_fkey; Type: FK CONSTRAINT; Schema: public; Owner: epathshala
--

ALTER TABLE ONLY public.teachers
    ADD CONSTRAINT teachers_user_id_fkey FOREIGN KEY (user_id) REFERENCES public.users(user_id) ON UPDATE CASCADE ON DELETE CASCADE;


--
-- PostgreSQL database dump complete
--

