--
-- PostgreSQL database dump
--

-- Dumped from database version 14.3
-- Dumped by pg_dump version 14.3

SET statement_timeout = 0;
SET lock_timeout = 0;
SET idle_in_transaction_session_timeout = 0;
SET client_encoding = 'UTF8';
SET standard_conforming_strings = on;
SELECT pg_catalog.set_config('search_path', '', false);
SET check_function_bodies = false;
SET xmloption = content;
SET client_min_messages = warning;
SET row_security = off;

--
-- Name: get_new_user_id(); Type: FUNCTION; Schema: public; Owner: epathshala
--

CREATE FUNCTION public.get_new_user_id() RETURNS bigint
    LANGUAGE plpgsql
    AS $$
DECLARE
	MAX_USER_ID BIGINT;
	NEW_USER_ID BIGINT;
BEGIN
	SELECT MAX(USER_ID) INTO MAX_USER_ID
	FROM USERS;
	IF MAX_USER_ID IS NULL THEN
		RETURN 1;
	ELSE
		FOR I IN 1..MAX_USER_ID LOOP
			SELECT USER_ID INTO NEW_USER_ID
			FROM USERS
			WHERE USER_ID = I;
			IF NEW_USER_ID IS NULL THEN
				RETURN I;
			END IF;
		END LOOP;
		RETURN MAX_USER_ID + 1;
	END IF;
END;
$$;


ALTER FUNCTION public.get_new_user_id() OWNER TO epathshala;

--
-- Name: insert_user(character varying, character varying, character varying, integer, integer, integer, character varying, character varying); Type: FUNCTION; Schema: public; Owner: epathshala
--

CREATE FUNCTION public.insert_user(param_full_name character varying, param_email character varying, param_password character varying, param_day integer, param_month integer, param_year integer, param_user_type character varying, param_gender character varying) RETURNS integer
    LANGUAGE plpgsql
    AS $$
DECLARE
	NEW_USER_ID BIGINT;
BEGIN
	IF LENGTH(PARAM_FULL_NAME) = 0 THEN
		RETURN 1; --EMPTY NAME ERROR
	END IF;
	IF LENGTH(PARAM_EMAIL) = 0 THEN
		RETURN 2; --EMPTY EMAIL ERROR
	END IF;
	IF PARAM_EMAIL NOT LIKE '%_@_%.___' THEN
		RETURN 3; --INVALID EMAIL ERROR
	END IF;
	IF LENGTH(PARAM_PASSWORD) < 8 THEN
		RETURN 4; --PASSWORD TOO SHORT ERROR
	END IF;
	IF LENGTH(PARAM_PASSWORD) > 32 THEN
		RETURN 5; --PASSWORD TOO LONG ERROR
	END IF;
	IF NOT IS_VALID_DATE(PARAM_DAY, PARAM_MONTH, PARAM_YEAR) THEN
		RETURN 6; --INVALID DATE ERROR
	END IF;
	SELECT USERS.USER_ID INTO NEW_USER_ID
	FROM USERS
	JOIN STUDENTS
	ON(USERS.USER_ID = STUDENTS.USER_ID)
	WHERE EMAIL = PARAM_EMAIL;
	IF NEW_USER_ID IS NOT NULL THEN
		RETURN 7; --STUDENT ALREADY PRESENT
	END IF;
	SELECT USERS.USER_ID INTO NEW_USER_ID
	FROM USERS
	JOIN TEACHERS
	ON(USERS.USER_ID = TEACHERS.USER_ID)
	WHERE EMAIL = PARAM_EMAIL;
	IF NEW_USER_ID IS NOT NULL THEN
		RETURN 8; --TEACHER ALREADY PRESENT
	END IF;
	NEW_USER_ID = GET_NEW_USER_ID();
	INSERT INTO USERS
	(USER_ID, FULL_NAME, EMAIL, SECURITY_KEY, USER_TYPE, GENDER)
	VALUES(NEW_USER_ID, PARAM_FULL_NAME, PARAM_EMAIL, PARAM_PASSWORD, PARAM_USER_TYPE, PARAM_GENDER);
	RETURN 0; --SUCCESS
END;
$$;


ALTER FUNCTION public.insert_user(param_full_name character varying, param_email character varying, param_password character varying, param_day integer, param_month integer, param_year integer, param_user_type character varying, param_gender character varying) OWNER TO epathshala;

--
-- Name: insert_user_trigger(); Type: FUNCTION; Schema: public; Owner: epathshala
--

CREATE FUNCTION public.insert_user_trigger() RETURNS trigger
    LANGUAGE plpgsql
    AS $$
DECLARE
BEGIN
	IF NEW.USER_TYPE = 'STUDENT' THEN
		INSERT INTO STUDENTS
		(USER_ID)
		VALUES (NEW.USER_ID);
	ELSE
		INSERT INTO TEACHERS
		(USER_ID)
		VALUES (NEW.USER_ID);
	END IF;
	RETURN NEW;
END;
$$;


ALTER FUNCTION public.insert_user_trigger() OWNER TO epathshala;

--
-- Name: is_leap_year(integer); Type: FUNCTION; Schema: public; Owner: epathshala
--

CREATE FUNCTION public.is_leap_year(param_year integer) RETURNS boolean
    LANGUAGE plpgsql
    AS $$
BEGIN
	RETURN ((PARAM_YEAR % 4 = 0 AND PARAM_YEAR % 1000 != 0) OR PARAM_YEAR % 400 = 0);
END;
$$;


ALTER FUNCTION public.is_leap_year(param_year integer) OWNER TO epathshala;

--
-- Name: is_valid_date(integer, integer, integer); Type: FUNCTION; Schema: public; Owner: epathshala
--

CREATE FUNCTION public.is_valid_date(param_day integer, param_month integer, param_year integer) RETURNS boolean
    LANGUAGE plpgsql
    AS $$
DECLARE
BEGIN
	IF PARAM_MONTH = 2 THEN
		IF IS_LEAP_YEAR(PARAM_YEAR) THEN
			RETURN PARAM_DAY <= 29;
		ELSE
			RETURN PARAM_DAY <= 28;
		END IF;
	END IF;
	IF PARAM_MONTH IN (4, 6, 9, 11) THEN
		RETURN PARAM_DAY <= 30;
	END IF;
	RETURN TRUE;
END;
$$;


ALTER FUNCTION public.is_valid_date(param_day integer, param_month integer, param_year integer) OWNER TO epathshala;

--
-- Name: print(character varying); Type: PROCEDURE; Schema: public; Owner: epathshala
--

CREATE PROCEDURE public.print(IN to_print character varying)
    LANGUAGE plpgsql
    AS $$
BEGIN
	RAISE NOTICE '%', TO_PRINT;
END;
$$;


ALTER PROCEDURE public.print(IN to_print character varying) OWNER TO epathshala;

SET default_tablespace = '';

SET default_table_access_method = heap;

--
-- Name: banks; Type: TABLE; Schema: public; Owner: epathshala
--

CREATE TABLE public.banks (
    bank_id bigint NOT NULL,
    name character varying,
    CONSTRAINT bank_bank_id_check CHECK ((bank_id > 0))
);


ALTER TABLE public.banks OWNER TO epathshala;

--
-- Name: comments; Type: TABLE; Schema: public; Owner: epathshala
--

CREATE TABLE public.comments (
    comment_id bigint NOT NULL,
    content_id bigint NOT NULL,
    commenter_id bigint,
    description character(100) DEFAULT ''::bpchar,
    "time" time without time zone DEFAULT CURRENT_TIME,
    date date DEFAULT CURRENT_DATE,
    rate numeric DEFAULT 0,
    CONSTRAINT comments_comment_id_check CHECK ((comment_id > 0)),
    CONSTRAINT comments_rate_check CHECK ((((0)::numeric <= rate) AND (rate <= (5)::numeric)))
);


ALTER TABLE public.comments OWNER TO epathshala;

--
-- Name: completed_contents; Type: TABLE; Schema: public; Owner: epathshala
--

CREATE TABLE public.completed_contents (
    user_id bigint NOT NULL,
    content_id bigint NOT NULL
);


ALTER TABLE public.completed_contents OWNER TO epathshala;

--
-- Name: content_viewers; Type: TABLE; Schema: public; Owner: epathshala
--

CREATE TABLE public.content_viewers (
    view_id bigint NOT NULL,
    content_id bigint,
    user_id bigint,
    rate numeric DEFAULT 0,
    CONSTRAINT content_viewers_rate_check CHECK ((((0)::numeric <= rate) AND (rate <= (5)::numeric))),
    CONSTRAINT content_viewers_view_id_check CHECK ((view_id > 0))
);


ALTER TABLE public.content_viewers OWNER TO epathshala;

--
-- Name: content_viewers_view_id_seq; Type: SEQUENCE; Schema: public; Owner: epathshala
--

CREATE SEQUENCE public.content_viewers_view_id_seq
    START WITH 1
    INCREMENT BY 1
    NO MINVALUE
    NO MAXVALUE
    CACHE 1;


ALTER TABLE public.content_viewers_view_id_seq OWNER TO epathshala;

--
-- Name: content_viewers_view_id_seq; Type: SEQUENCE OWNED BY; Schema: public; Owner: epathshala
--

ALTER SEQUENCE public.content_viewers_view_id_seq OWNED BY public.content_viewers.view_id;


--
-- Name: contents; Type: TABLE; Schema: public; Owner: epathshala
--

CREATE TABLE public.contents (
    content_id bigint NOT NULL,
    date_of_creation date,
    content_type character(10) NOT NULL,
    title character varying DEFAULT ''::character varying,
    description character(100) DEFAULT ''::bpchar,
    course_id bigint,
    rate numeric,
    CONSTRAINT contents_content_id_check CHECK ((content_id > 0)),
    CONSTRAINT contents_rate_check CHECK ((((0)::numeric <= rate) AND (rate <= (5)::numeric)))
);


ALTER TABLE public.contents OWNER TO epathshala;

--
-- Name: contents_content_id_seq; Type: SEQUENCE; Schema: public; Owner: epathshala
--

CREATE SEQUENCE public.contents_content_id_seq
    AS integer
    START WITH 1
    INCREMENT BY 1
    NO MINVALUE
    NO MAXVALUE
    CACHE 1;


ALTER TABLE public.contents_content_id_seq OWNER TO epathshala;

--
-- Name: contents_content_id_seq; Type: SEQUENCE OWNED BY; Schema: public; Owner: epathshala
--

ALTER SEQUENCE public.contents_content_id_seq OWNED BY public.contents.content_id;


--
-- Name: course_tags; Type: TABLE; Schema: public; Owner: epathshala
--

CREATE TABLE public.course_tags (
    tag_id bigint NOT NULL,
    course_id bigint NOT NULL
);


ALTER TABLE public.course_tags OWNER TO epathshala;

--
-- Name: courses; Type: TABLE; Schema: public; Owner: epathshala
--

CREATE TABLE public.courses (
    course_id bigint NOT NULL,
    title character varying NOT NULL,
    description character(100) DEFAULT ''::bpchar,
    date_of_creation date NOT NULL,
    price integer DEFAULT 0,
    creator_id bigint,
    CONSTRAINT courses_course_id_check CHECK ((course_id > 0)),
    CONSTRAINT courses_price_check CHECK ((price >= 0))
);


ALTER TABLE public.courses OWNER TO epathshala;

--
-- Name: credit_card_users; Type: TABLE; Schema: public; Owner: epathshala
--

CREATE TABLE public.credit_card_users (
    credit_card_id bigint NOT NULL,
    bank_id bigint,
    CONSTRAINT credit_card_users_bank_id_check CHECK ((bank_id > 0))
);


ALTER TABLE public.credit_card_users OWNER TO epathshala;

--
-- Name: enrolled_courses; Type: TABLE; Schema: public; Owner: epathshala
--

CREATE TABLE public.enrolled_courses (
    user_id bigint NOT NULL,
    course_id bigint NOT NULL,
    date_of_join date NOT NULL
);


ALTER TABLE public.enrolled_courses OWNER TO epathshala;

--
-- Name: quiz_grades; Type: TABLE; Schema: public; Owner: epathshala
--

CREATE TABLE public.quiz_grades (
    user_id bigint NOT NULL,
    content_id bigint NOT NULL,
    grade integer,
    CONSTRAINT quiz_grades_grade_check CHECK (((0 <= grade) AND (grade <= 100)))
);


ALTER TABLE public.quiz_grades OWNER TO epathshala;

--
-- Name: student_interests; Type: TABLE; Schema: public; Owner: epathshala
--

CREATE TABLE public.student_interests (
    student_id bigint NOT NULL,
    interest character varying DEFAULT ''::character varying NOT NULL
);


ALTER TABLE public.student_interests OWNER TO epathshala;

--
-- Name: students; Type: TABLE; Schema: public; Owner: epathshala
--

CREATE TABLE public.students (
    user_id bigint NOT NULL,
    date_of_join date DEFAULT CURRENT_DATE NOT NULL,
    rank_point integer DEFAULT 0,
    CONSTRAINT students_rank_point_check CHECK ((rank_point >= 0))
);


ALTER TABLE public.students OWNER TO epathshala;

--
-- Name: tags; Type: TABLE; Schema: public; Owner: epathshala
--

CREATE TABLE public.tags (
    tag_id bigint NOT NULL,
    tag_name character(10) NOT NULL,
    CONSTRAINT tags_tag_id_check CHECK ((tag_id > 0)),
    CONSTRAINT tags_tag_name_check CHECK ((length(tag_name) > 0))
);


ALTER TABLE public.tags OWNER TO epathshala;

--
-- Name: tags_tag_id_seq; Type: SEQUENCE; Schema: public; Owner: epathshala
--

CREATE SEQUENCE public.tags_tag_id_seq
    START WITH 1
    INCREMENT BY 1
    NO MINVALUE
    NO MAXVALUE
    CACHE 1;


ALTER TABLE public.tags_tag_id_seq OWNER TO epathshala;

--
-- Name: tags_tag_id_seq; Type: SEQUENCE OWNED BY; Schema: public; Owner: epathshala
--

ALTER SEQUENCE public.tags_tag_id_seq OWNED BY public.tags.tag_id;


--
-- Name: teacher_specialities; Type: TABLE; Schema: public; Owner: epathshala
--

CREATE TABLE public.teacher_specialities (
    teacher_id bigint NOT NULL,
    speciality character varying DEFAULT ''::character varying NOT NULL
);


ALTER TABLE public.teacher_specialities OWNER TO epathshala;

--
-- Name: teachers; Type: TABLE; Schema: public; Owner: epathshala
--

CREATE TABLE public.teachers (
    user_id bigint NOT NULL,
    date_of_join date DEFAULT CURRENT_DATE NOT NULL
);


ALTER TABLE public.teachers OWNER TO epathshala;

--
-- Name: users; Type: TABLE; Schema: public; Owner: epathshala
--

CREATE TABLE public.users (
    user_id bigint NOT NULL,
    full_name character varying,
    security_key character(32) NOT NULL,
    date_of_birth date,
    bio character(100) DEFAULT ''::bpchar,
    email character varying NOT NULL,
    user_type character(10) NOT NULL,
    credit_card_id bigint,
    bank_id bigint,
    CONSTRAINT users_email_check CHECK (((email)::text ~~ '_%@_%.___'::text)),
    CONSTRAINT users_security_key_check CHECK ((length(security_key) >= 8)),
    CONSTRAINT users_user_id_check CHECK ((user_id > 0)),
    CONSTRAINT users_user_type_check CHECK ((user_type = ANY (ARRAY['TEACHER'::bpchar, 'STUDENT'::bpchar])))
);


ALTER TABLE public.users OWNER TO epathshala;

--
-- Name: content_viewers view_id; Type: DEFAULT; Schema: public; Owner: epathshala
--

ALTER TABLE ONLY public.content_viewers ALTER COLUMN view_id SET DEFAULT nextval('public.content_viewers_view_id_seq'::regclass);


--
-- Name: contents content_id; Type: DEFAULT; Schema: public; Owner: epathshala
--

ALTER TABLE ONLY public.contents ALTER COLUMN content_id SET DEFAULT nextval('public.contents_content_id_seq'::regclass);


--
-- Name: tags tag_id; Type: DEFAULT; Schema: public; Owner: epathshala
--

ALTER TABLE ONLY public.tags ALTER COLUMN tag_id SET DEFAULT nextval('public.tags_tag_id_seq'::regclass);


--
-- Data for Name: banks; Type: TABLE DATA; Schema: public; Owner: epathshala
--

COPY public.banks (bank_id, name) FROM stdin;
1	A Bank
2	B Bank
3	C Bank
\.


--
-- Data for Name: comments; Type: TABLE DATA; Schema: public; Owner: epathshala
--

COPY public.comments (comment_id, content_id, commenter_id, description, "time", date, rate) FROM stdin;
1	5	5	Epic Video                                                                                          	23:43:54.742951	2022-08-09	0
2	5	6	Nice Content                                                                                        	23:47:13.830674	2022-08-09	0
\.


--
-- Data for Name: completed_contents; Type: TABLE DATA; Schema: public; Owner: epathshala
--

COPY public.completed_contents (user_id, content_id) FROM stdin;
\.


--
-- Data for Name: content_viewers; Type: TABLE DATA; Schema: public; Owner: epathshala
--

COPY public.content_viewers (view_id, content_id, user_id, rate) FROM stdin;
1	58	1	0
2	58	2	0
3	58	3	0
4	58	4	0
5	58	5	0
6	58	6	0
7	58	7	0
8	58	8	0
9	58	9	0
10	58	10	0
11	58	11	0
12	58	12	0
13	58	13	0
14	58	14	0
15	58	15	0
16	58	16	0
17	58	17	0
18	58	18	0
19	58	19	0
20	58	20	0
21	58	21	0
22	58	22	0
23	58	23	0
24	58	24	0
25	58	25	0
26	58	26	0
27	58	27	0
28	58	28	0
29	58	29	0
30	58	30	0
31	58	31	0
32	58	32	0
33	58	33	0
34	58	34	0
35	58	35	0
36	58	36	0
37	58	37	0
38	58	38	0
39	58	39	0
40	58	40	0
41	74	1	0
42	74	2	0
43	74	3	0
44	74	4	0
45	74	5	0
46	74	6	0
47	74	7	0
48	74	8	0
49	74	9	0
50	74	10	0
51	74	11	0
52	74	12	0
53	74	13	0
54	74	14	0
55	74	15	0
56	74	16	0
57	74	17	0
58	74	18	0
59	74	19	0
60	74	20	0
61	74	21	0
62	74	22	0
63	74	23	0
64	74	24	0
65	74	25	0
66	74	26	0
67	74	27	0
68	74	28	0
69	74	29	0
70	74	30	0
71	74	31	0
72	74	32	0
73	74	33	0
74	74	34	0
75	75	1	0
76	75	2	0
77	76	1	0
78	76	2	0
79	76	3	0
80	76	4	0
81	76	5	0
82	76	6	0
83	76	7	0
84	76	8	0
85	76	9	0
86	76	10	0
87	76	11	0
88	76	12	0
89	76	13	0
90	76	14	0
91	76	15	0
92	76	16	0
93	76	17	0
94	76	18	0
95	76	19	0
96	76	20	0
97	76	21	0
98	76	22	0
99	76	23	0
100	76	24	0
101	76	25	0
102	76	26	0
103	76	27	0
104	76	28	0
105	76	29	0
106	76	30	0
107	76	31	0
108	76	32	0
109	76	33	0
110	76	34	0
111	76	35	0
112	76	36	0
113	76	37	0
114	76	38	0
115	76	39	0
116	76	40	0
117	1	1	0
118	1	2	0
119	1	3	0
120	1	4	0
121	1	5	0
122	1	6	0
123	1	7	0
124	2	1	0
125	2	2	0
126	2	3	0
127	2	4	0
128	2	5	0
129	2	6	0
130	2	7	0
131	2	8	0
132	2	9	0
133	2	10	0
134	2	11	0
135	2	12	0
136	2	13	0
137	2	14	0
138	2	15	0
139	2	16	0
140	2	17	0
141	2	18	0
142	2	19	0
143	2	20	0
144	2	21	0
145	2	22	0
146	2	23	0
147	2	24	0
148	2	25	0
149	2	26	0
150	2	27	0
151	2	28	0
152	2	29	0
153	2	30	0
154	2	31	0
155	2	32	0
156	2	33	0
157	2	34	0
158	2	35	0
159	2	36	0
160	2	37	0
161	2	38	0
162	2	39	0
163	2	40	0
164	2	41	0
165	2	42	0
166	2	43	0
167	2	44	0
168	2	45	0
169	2	46	0
170	2	47	0
171	3	1	0
172	3	2	0
173	3	3	0
174	3	4	0
175	3	5	0
176	3	6	0
177	3	7	0
178	3	8	0
179	3	9	0
180	3	10	0
181	3	11	0
182	3	12	0
183	3	13	0
184	3	14	0
185	3	15	0
186	3	16	0
187	3	17	0
188	3	18	0
189	3	19	0
190	4	1	0
191	4	2	0
192	4	3	0
193	4	4	0
194	4	5	0
195	4	6	0
196	4	7	0
197	4	8	0
198	4	9	0
199	4	10	0
200	4	11	0
201	4	12	0
202	4	13	0
203	4	14	0
204	4	15	0
205	4	16	0
206	4	17	0
207	5	1	0
208	5	2	0
209	5	3	0
210	5	4	0
211	5	5	0
212	5	6	0
213	5	7	0
214	5	8	0
215	5	9	0
216	5	10	0
217	5	11	0
218	5	12	0
219	5	13	0
220	5	14	0
221	5	15	0
222	6	1	0
223	6	2	0
224	6	3	0
225	6	4	0
226	6	5	0
227	6	6	0
228	6	7	0
229	6	8	0
230	6	9	0
231	6	10	0
232	6	11	0
233	6	12	0
234	7	1	0
235	7	2	0
236	7	3	0
237	7	4	0
238	7	5	0
239	7	6	0
240	7	7	0
241	7	8	0
242	7	9	0
243	7	10	0
244	7	11	0
245	7	12	0
246	7	13	0
247	7	14	0
248	7	15	0
249	7	16	0
250	7	17	0
251	7	18	0
252	7	19	0
253	7	20	0
254	7	21	0
255	7	22	0
256	8	1	0
257	8	2	0
258	8	3	0
259	8	4	0
260	8	5	0
261	8	6	0
262	8	7	0
263	8	8	0
264	8	9	0
265	8	10	0
266	8	11	0
267	8	12	0
268	8	13	0
269	8	14	0
270	8	15	0
271	8	16	0
272	8	17	0
273	8	18	0
274	8	19	0
275	8	20	0
276	8	21	0
277	8	22	0
278	8	23	0
279	8	24	0
280	8	25	0
281	8	26	0
282	8	27	0
283	8	28	0
284	8	29	0
285	8	30	0
286	8	31	0
287	8	32	0
288	9	1	0
289	9	2	0
290	9	3	0
291	9	4	0
292	9	5	0
293	9	6	0
294	9	7	0
295	9	8	0
296	9	9	0
297	9	10	0
298	9	11	0
299	9	12	0
300	9	13	0
301	9	14	0
302	9	15	0
303	9	16	0
304	9	17	0
305	9	18	0
306	9	19	0
307	9	20	0
308	9	21	0
309	9	22	0
310	9	23	0
311	9	24	0
312	9	25	0
313	9	26	0
314	9	27	0
315	9	28	0
316	9	29	0
317	9	30	0
318	9	31	0
319	9	32	0
320	9	33	0
321	9	34	0
322	9	35	0
323	9	36	0
324	9	37	0
325	9	38	0
326	9	39	0
327	9	40	0
328	9	41	0
329	9	42	0
330	9	43	0
331	9	44	0
332	9	45	0
333	9	46	0
334	9	47	0
335	10	1	0
336	10	2	0
337	10	3	0
338	10	4	0
339	10	5	0
340	10	6	0
341	10	7	0
342	10	8	0
343	10	9	0
344	10	10	0
345	10	11	0
346	10	12	0
347	10	13	0
348	10	14	0
349	10	15	0
350	10	16	0
351	10	17	0
352	10	18	0
353	10	19	0
354	10	20	0
355	10	21	0
356	10	22	0
357	10	23	0
358	10	24	0
359	10	25	0
360	10	26	0
361	10	27	0
362	10	28	0
363	10	29	0
364	10	30	0
365	10	31	0
366	10	32	0
367	10	33	0
368	11	1	0
369	11	2	0
370	11	3	0
371	11	4	0
372	11	5	0
373	11	6	0
374	11	7	0
375	11	8	0
376	11	9	0
377	11	10	0
378	11	11	0
379	11	12	0
380	11	13	0
381	11	14	0
382	11	15	0
383	12	1	0
384	12	2	0
385	12	3	0
386	12	4	0
387	12	5	0
388	12	6	0
389	12	7	0
390	12	8	0
391	12	9	0
392	12	10	0
393	12	11	0
394	12	12	0
395	12	13	0
396	12	14	0
397	12	15	0
398	12	16	0
399	12	17	0
400	12	18	0
401	12	19	0
402	12	20	0
403	12	21	0
404	12	22	0
405	12	23	0
406	12	24	0
407	12	25	0
408	12	26	0
409	12	27	0
410	12	28	0
411	12	29	0
412	12	30	0
413	12	31	0
414	12	32	0
415	12	33	0
416	12	34	0
417	12	35	0
418	12	36	0
419	12	37	0
420	12	38	0
421	12	39	0
422	12	40	0
423	12	41	0
424	12	42	0
425	12	43	0
426	12	44	0
427	12	45	0
428	12	46	0
429	13	1	0
430	13	2	0
431	13	3	0
432	13	4	0
433	13	5	0
434	13	6	0
435	13	7	0
436	13	8	0
437	13	9	0
438	13	10	0
439	13	11	0
440	13	12	0
441	13	13	0
442	13	14	0
443	13	15	0
444	13	16	0
445	13	17	0
446	13	18	0
447	13	19	0
448	13	20	0
449	13	21	0
450	13	22	0
451	13	23	0
452	13	24	0
453	13	25	0
454	13	26	0
455	13	27	0
456	14	1	0
457	14	2	0
458	14	3	0
459	14	4	0
460	14	5	0
461	14	6	0
462	14	7	0
463	14	8	0
464	14	9	0
465	14	10	0
466	14	11	0
467	14	12	0
468	14	13	0
469	14	14	0
470	14	15	0
471	14	16	0
472	14	17	0
473	14	18	0
474	14	19	0
475	14	20	0
476	14	21	0
477	14	22	0
478	14	23	0
479	14	24	0
480	14	25	0
481	14	26	0
482	14	27	0
483	14	28	0
484	14	29	0
485	14	30	0
486	14	31	0
487	14	32	0
488	14	33	0
489	14	34	0
490	14	35	0
491	14	36	0
492	14	37	0
493	14	38	0
494	14	39	0
495	14	40	0
496	14	41	0
497	14	42	0
498	14	43	0
499	14	44	0
500	15	1	0
501	15	2	0
502	15	3	0
503	15	4	0
504	15	5	0
505	15	6	0
506	15	7	0
507	15	8	0
508	15	9	0
509	15	10	0
510	15	11	0
511	15	12	0
512	15	13	0
513	15	14	0
514	15	15	0
515	15	16	0
516	15	17	0
517	15	18	0
518	15	19	0
519	15	20	0
520	15	21	0
521	15	22	0
522	15	23	0
523	15	24	0
524	15	25	0
525	15	26	0
526	15	27	0
527	16	1	0
528	16	2	0
529	16	3	0
530	16	4	0
531	16	5	0
532	16	6	0
533	16	7	0
534	16	8	0
535	16	9	0
536	16	10	0
537	16	11	0
538	16	12	0
539	16	13	0
540	16	14	0
541	16	15	0
542	16	16	0
543	17	1	0
544	17	2	0
545	17	3	0
546	17	4	0
547	17	5	0
548	17	6	0
549	17	7	0
550	17	8	0
551	17	9	0
552	17	10	0
553	17	11	0
554	17	12	0
555	17	13	0
556	17	14	0
557	17	15	0
558	17	16	0
559	17	17	0
560	17	18	0
561	17	19	0
562	17	20	0
563	17	21	0
564	17	22	0
565	17	23	0
566	17	24	0
567	18	1	0
568	18	2	0
569	18	3	0
570	18	4	0
571	18	5	0
572	18	6	0
573	18	7	0
574	18	8	0
575	18	9	0
576	18	10	0
577	18	11	0
578	18	12	0
579	18	13	0
580	18	14	0
581	18	15	0
582	18	16	0
583	18	17	0
584	18	18	0
585	18	19	0
586	18	20	0
587	18	21	0
588	18	22	0
589	18	23	0
590	18	24	0
591	18	25	0
592	18	26	0
593	18	27	0
594	18	28	0
595	18	29	0
596	18	30	0
597	18	31	0
598	18	32	0
599	18	33	0
600	18	34	0
601	18	35	0
602	18	36	0
603	18	37	0
604	18	38	0
605	18	39	0
606	18	40	0
607	18	41	0
608	18	42	0
609	18	43	0
610	18	44	0
611	18	45	0
612	18	46	0
613	18	47	0
614	18	48	0
615	18	49	0
616	18	50	0
617	19	1	0
618	19	2	0
619	19	3	0
620	19	4	0
621	19	5	0
622	19	6	0
623	19	7	0
624	19	8	0
625	19	9	0
626	19	10	0
627	19	11	0
628	19	12	0
629	19	13	0
630	19	14	0
631	19	15	0
632	19	16	0
633	19	17	0
634	19	18	0
635	19	19	0
636	19	20	0
637	19	21	0
638	19	22	0
639	20	1	0
640	20	2	0
641	20	3	0
642	20	4	0
643	20	5	0
644	20	6	0
645	20	7	0
646	20	8	0
647	20	9	0
648	20	10	0
649	20	11	0
650	20	12	0
651	20	13	0
652	20	14	0
653	20	15	0
654	20	16	0
655	20	17	0
656	20	18	0
657	20	19	0
658	20	20	0
659	20	21	0
660	20	22	0
661	20	23	0
662	20	24	0
663	20	25	0
664	20	26	0
665	20	27	0
666	20	28	0
667	20	29	0
668	20	30	0
669	20	31	0
670	20	32	0
671	20	33	0
672	21	1	0
673	21	2	0
674	21	3	0
675	21	4	0
676	21	5	0
677	21	6	0
678	21	7	0
679	21	8	0
680	21	9	0
681	21	10	0
682	21	11	0
683	21	12	0
684	21	13	0
685	21	14	0
686	21	15	0
687	21	16	0
688	21	17	0
689	21	18	0
690	21	19	0
691	21	20	0
692	21	21	0
693	21	22	0
694	21	23	0
695	21	24	0
696	21	25	0
697	22	1	0
698	22	2	0
699	22	3	0
700	22	4	0
701	22	5	0
702	22	6	0
703	22	7	0
704	22	8	0
705	22	9	0
706	22	10	0
707	22	11	0
708	22	12	0
709	22	13	0
710	22	14	0
711	22	15	0
712	22	16	0
713	22	17	0
714	22	18	0
715	23	1	0
716	23	2	0
717	23	3	0
718	23	4	0
719	23	5	0
720	23	6	0
721	23	7	0
722	23	8	0
723	23	9	0
724	23	10	0
725	23	11	0
726	23	12	0
727	23	13	0
728	24	1	0
729	24	2	0
730	24	3	0
731	24	4	0
732	24	5	0
733	24	6	0
734	24	7	0
735	24	8	0
736	24	9	0
737	24	10	0
738	24	11	0
739	24	12	0
740	24	13	0
741	24	14	0
742	24	15	0
743	24	16	0
744	24	17	0
745	24	18	0
746	24	19	0
747	24	20	0
748	24	21	0
749	24	22	0
750	24	23	0
751	24	24	0
752	24	25	0
753	25	1	0
754	25	2	0
755	25	3	0
756	25	4	0
757	25	5	0
758	25	6	0
759	25	7	0
760	25	8	0
761	25	9	0
762	25	10	0
763	25	11	0
764	25	12	0
765	25	13	0
766	25	14	0
767	25	15	0
768	25	16	0
769	25	17	0
770	25	18	0
771	25	19	0
772	25	20	0
773	25	21	0
774	25	22	0
775	25	23	0
776	25	24	0
777	25	25	0
778	25	26	0
779	25	27	0
780	25	28	0
781	25	29	0
782	25	30	0
783	25	31	0
784	25	32	0
785	25	33	0
786	25	34	0
787	25	35	0
788	25	36	0
789	25	37	0
790	25	38	0
791	25	39	0
792	25	40	0
793	25	41	0
794	25	42	0
795	25	43	0
796	25	44	0
797	25	45	0
798	25	46	0
799	25	47	0
800	25	48	0
801	26	1	0
802	26	2	0
803	26	3	0
804	26	4	0
805	26	5	0
806	26	6	0
807	26	7	0
808	26	8	0
809	26	9	0
810	26	10	0
811	26	11	0
812	26	12	0
813	26	13	0
814	26	14	0
815	27	1	0
816	27	2	0
817	27	3	0
818	27	4	0
819	27	5	0
820	27	6	0
821	27	7	0
822	27	8	0
823	27	9	0
824	27	10	0
825	27	11	0
826	27	12	0
827	27	13	0
828	27	14	0
829	27	15	0
830	27	16	0
831	27	17	0
832	27	18	0
833	27	19	0
834	27	20	0
835	27	21	0
836	27	22	0
837	27	23	0
838	27	24	0
839	27	25	0
840	27	26	0
841	27	27	0
842	27	28	0
843	27	29	0
844	27	30	0
845	27	31	0
846	27	32	0
847	27	33	0
848	27	34	0
849	27	35	0
850	27	36	0
851	27	37	0
852	27	38	0
853	27	39	0
854	27	40	0
855	27	41	0
856	27	42	0
857	27	43	0
858	27	44	0
859	27	45	0
860	27	46	0
861	27	47	0
862	27	48	0
863	28	1	0
864	28	2	0
865	28	3	0
866	28	4	0
867	28	5	0
868	28	6	0
869	28	7	0
870	28	8	0
871	28	9	0
872	28	10	0
873	28	11	0
874	28	12	0
875	28	13	0
876	28	14	0
877	28	15	0
878	28	16	0
879	28	17	0
880	28	18	0
881	28	19	0
882	29	1	0
883	29	2	0
884	29	3	0
885	29	4	0
886	29	5	0
887	29	6	0
888	29	7	0
889	29	8	0
890	29	9	0
891	29	10	0
892	29	11	0
893	29	12	0
894	29	13	0
895	30	1	0
896	30	2	0
897	30	3	0
898	30	4	0
899	30	5	0
900	30	6	0
901	30	7	0
902	30	8	0
903	30	9	0
904	30	10	0
905	30	11	0
906	30	12	0
907	30	13	0
908	30	14	0
909	30	15	0
910	30	16	0
911	30	17	0
912	30	18	0
913	30	19	0
914	30	20	0
915	30	21	0
916	30	22	0
917	30	23	0
918	30	24	0
919	30	25	0
920	30	26	0
921	30	27	0
922	30	28	0
923	31	1	0
924	31	2	0
925	31	3	0
926	31	4	0
927	31	5	0
928	31	6	0
929	31	7	0
930	32	1	0
931	32	2	0
932	32	3	0
933	32	4	0
934	32	5	0
935	32	6	0
936	32	7	0
937	32	8	0
938	32	9	0
939	32	10	0
940	32	11	0
941	32	12	0
942	32	13	0
943	32	14	0
944	32	15	0
945	32	16	0
946	32	17	0
947	32	18	0
948	32	19	0
949	32	20	0
950	32	21	0
951	32	22	0
952	32	23	0
953	32	24	0
954	32	25	0
955	32	26	0
956	33	1	0
957	33	2	0
958	33	3	0
959	33	4	0
960	33	5	0
961	33	6	0
962	33	7	0
963	33	8	0
964	33	9	0
965	33	10	0
966	33	11	0
967	33	12	0
968	33	13	0
969	34	1	0
970	34	2	0
971	34	3	0
972	34	4	0
973	34	5	0
974	34	6	0
975	34	7	0
976	34	8	0
977	34	9	0
978	34	10	0
979	34	11	0
980	34	12	0
981	34	13	0
982	34	14	0
983	34	15	0
984	34	16	0
985	34	17	0
986	34	18	0
987	34	19	0
988	34	20	0
989	34	21	0
990	34	22	0
991	34	23	0
992	34	24	0
993	34	25	0
994	34	26	0
995	34	27	0
996	34	28	0
997	34	29	0
998	34	30	0
999	34	31	0
1000	34	32	0
1001	34	33	0
1002	34	34	0
1003	34	35	0
1004	34	36	0
1005	34	37	0
1006	34	38	0
1007	34	39	0
1008	35	1	0
1009	35	2	0
1010	36	1	0
1011	36	2	0
1012	36	3	0
1013	36	4	0
1014	37	1	0
1015	37	2	0
1016	37	3	0
1017	37	4	0
1018	38	1	0
1019	38	2	0
1020	39	1	0
1021	39	2	0
1022	39	3	0
1023	39	4	0
1024	39	5	0
1025	39	6	0
1026	39	7	0
1027	39	8	0
1028	39	9	0
1029	39	10	0
1030	39	11	0
1031	39	12	0
1032	39	13	0
1033	39	14	0
1034	39	15	0
1035	39	16	0
1036	39	17	0
1037	39	18	0
1038	39	19	0
1039	39	20	0
1040	39	21	0
1041	39	22	0
1042	39	23	0
1043	39	24	0
1044	39	25	0
1045	39	26	0
1046	39	27	0
1047	39	28	0
1048	39	29	0
1049	39	30	0
1050	39	31	0
1051	39	32	0
1052	39	33	0
1053	39	34	0
1054	39	35	0
1055	39	36	0
1056	39	37	0
1057	39	38	0
1058	39	39	0
1059	39	40	0
1060	39	41	0
1061	39	42	0
1062	39	43	0
1063	39	44	0
1064	39	45	0
1065	39	46	0
1066	39	47	0
1067	39	48	0
1068	39	49	0
1069	39	50	0
1070	40	1	0
1071	40	2	0
1072	40	3	0
1073	40	4	0
1074	40	5	0
1075	40	6	0
1076	40	7	0
1077	40	8	0
1078	40	9	0
1079	40	10	0
1080	40	11	0
1081	40	12	0
1082	40	13	0
1083	40	14	0
1084	40	15	0
1085	40	16	0
1086	40	17	0
1087	40	18	0
1088	40	19	0
1089	40	20	0
1090	40	21	0
1091	40	22	0
1092	40	23	0
1093	40	24	0
1094	40	25	0
1095	40	26	0
1096	40	27	0
1097	40	28	0
1098	40	29	0
1099	41	1	0
1100	41	2	0
1101	41	3	0
1102	41	4	0
1103	41	5	0
1104	41	6	0
1105	41	7	0
1106	41	8	0
1107	41	9	0
1108	41	10	0
1109	41	11	0
1110	41	12	0
1111	41	13	0
1112	41	14	0
1113	41	15	0
1114	41	16	0
1115	41	17	0
1116	41	18	0
1117	41	19	0
1118	41	20	0
1119	41	21	0
1120	41	22	0
1121	41	23	0
1122	41	24	0
1123	41	25	0
1124	41	26	0
1125	41	27	0
1126	41	28	0
1127	41	29	0
1128	41	30	0
1129	41	31	0
1130	41	32	0
1131	41	33	0
1132	41	34	0
1133	41	35	0
1134	41	36	0
1135	41	37	0
1136	41	38	0
1137	41	39	0
1138	41	40	0
1139	41	41	0
1140	41	42	0
1141	41	43	0
1142	41	44	0
1143	41	45	0
1144	41	46	0
1145	41	47	0
1146	41	48	0
1147	41	49	0
1148	42	1	0
1149	42	2	0
1150	42	3	0
1151	42	4	0
1152	42	5	0
1153	42	6	0
1154	42	7	0
1155	42	8	0
1156	42	9	0
1157	42	10	0
1158	42	11	0
1159	42	12	0
1160	42	13	0
1161	42	14	0
1162	42	15	0
1163	42	16	0
1164	42	17	0
1165	42	18	0
1166	43	1	0
1167	43	2	0
1168	43	3	0
1169	43	4	0
1170	43	5	0
1171	43	6	0
1172	43	7	0
1173	92	1	0
1174	92	2	0
1175	92	3	0
1176	92	4	0
1177	92	5	0
1178	92	6	0
1179	92	7	0
1180	92	8	0
1181	92	9	0
1182	92	10	0
1183	92	11	0
1184	92	12	0
1185	92	13	0
1186	92	14	0
1187	92	15	0
1188	92	16	0
1189	92	17	0
1190	92	18	0
1191	92	19	0
1192	92	20	0
1193	92	21	0
1194	92	22	0
1195	92	23	0
1196	92	24	0
1197	92	25	0
1198	92	26	0
1199	92	27	0
1200	92	28	0
1201	92	29	0
1202	92	30	0
1203	92	31	0
1204	92	32	0
1205	92	33	0
1206	92	34	0
1207	92	35	0
1208	92	36	0
1209	92	37	0
1210	92	38	0
1211	92	39	0
1212	93	1	0
1213	93	2	0
1214	93	3	0
1215	93	4	0
1216	93	5	0
1217	93	6	0
1218	93	7	0
1219	93	8	0
1220	93	9	0
1221	93	10	0
1222	93	11	0
1223	93	12	0
1224	93	13	0
1225	93	14	0
1226	93	15	0
1227	93	16	0
1228	93	17	0
1229	93	18	0
1230	93	19	0
1231	93	20	0
1232	93	21	0
1233	93	22	0
1234	93	23	0
1235	93	24	0
1236	93	25	0
1237	93	26	0
1238	93	27	0
1239	93	28	0
1240	93	29	0
1241	93	30	0
1242	93	31	0
1243	93	32	0
1244	94	1	0
1245	94	2	0
1246	94	3	0
1247	94	4	0
1248	94	5	0
1249	94	6	0
1250	94	7	0
1251	94	8	0
1252	94	9	0
1253	94	10	0
1254	94	11	0
1255	94	12	0
1256	94	13	0
1257	94	14	0
1258	94	15	0
1259	94	16	0
1260	94	17	0
1261	94	18	0
1262	94	19	0
1263	94	20	0
1264	94	21	0
1265	94	22	0
1266	94	23	0
1267	94	24	0
1268	94	25	0
1269	94	26	0
1270	94	27	0
1271	94	28	0
1272	94	29	0
1273	94	30	0
1274	94	31	0
1275	94	32	0
1276	94	33	0
1277	94	34	0
1278	95	1	0
1279	95	2	0
1280	95	3	0
1281	95	4	0
1282	95	5	0
1283	95	6	0
1284	95	7	0
1285	95	8	0
1286	95	9	0
1287	95	10	0
1288	95	11	0
1289	95	12	0
1290	95	13	0
1291	95	14	0
1292	95	15	0
1293	95	16	0
1294	95	17	0
1295	95	18	0
1296	95	19	0
1297	95	20	0
1298	95	21	0
1299	95	22	0
1300	95	23	0
1301	95	24	0
1302	95	25	0
1303	95	26	0
1304	95	27	0
1305	95	28	0
1306	95	29	0
1307	95	30	0
1308	96	1	0
1309	96	2	0
1310	96	3	0
1311	96	4	0
1312	96	5	0
1313	96	6	0
1314	96	7	0
1315	96	8	0
1316	96	9	0
1317	96	10	0
1318	96	11	0
1319	96	12	0
1320	96	13	0
1321	96	14	0
1322	96	15	0
1323	97	1	0
1324	97	2	0
1325	97	3	0
1326	97	4	0
1327	97	5	0
1328	97	6	0
1329	97	7	0
1330	97	8	0
1331	97	9	0
1332	97	10	0
1333	97	11	0
1334	97	12	0
1335	97	13	0
1336	97	14	0
1337	97	15	0
1338	97	16	0
1339	97	17	0
1340	97	18	0
1341	97	19	0
1342	97	20	0
1343	97	21	0
1344	97	22	0
1345	97	23	0
1346	97	24	0
1347	97	25	0
1348	97	26	0
1349	97	27	0
1350	97	28	0
1351	97	29	0
1352	97	30	0
1353	97	31	0
1354	97	32	0
1355	97	33	0
1356	97	34	0
1357	97	35	0
1358	97	36	0
1359	97	37	0
1360	97	38	0
1361	97	39	0
1362	97	40	0
1363	97	41	0
1364	97	42	0
1365	97	43	0
1366	97	44	0
1367	97	45	0
1368	97	46	0
1369	97	47	0
1370	97	48	0
1371	97	49	0
1372	102	1	0
1373	102	2	0
1374	102	3	0
1375	102	4	0
1376	102	5	0
1377	102	6	0
1378	102	7	0
1379	102	8	0
1380	102	9	0
1381	102	10	0
1382	102	11	0
1383	102	12	0
1384	102	13	0
1385	102	14	0
1386	102	15	0
1387	102	16	0
1388	89	1	0
1389	89	2	0
1390	89	3	0
1391	89	4	0
1392	89	5	0
1393	89	6	0
1394	89	7	0
1395	89	8	0
1396	89	9	0
1397	89	10	0
1398	89	11	0
1399	89	12	0
1400	89	13	0
1401	89	14	0
1402	89	15	0
1403	89	16	0
1404	89	17	0
1405	89	18	0
1406	89	19	0
1407	89	20	0
1408	89	21	0
1409	89	22	0
1410	89	23	0
1411	90	1	0
1412	90	2	0
1413	90	3	0
1414	90	4	0
1415	90	5	0
1416	90	6	0
1417	90	7	0
1418	90	8	0
1419	90	9	0
1420	90	10	0
1421	90	11	0
1422	90	12	0
1423	90	13	0
1424	90	14	0
1425	90	15	0
1426	90	16	0
1427	90	17	0
1428	90	18	0
1429	90	19	0
1430	90	20	0
1431	90	21	0
1432	90	22	0
1433	90	23	0
1434	90	24	0
1435	90	25	0
1436	90	26	0
1437	90	27	0
1438	90	28	0
1439	91	1	0
1440	59	1	0
1441	59	2	0
1442	59	3	0
1443	59	4	0
1444	59	5	0
1445	59	6	0
1446	59	7	0
1447	59	8	0
1448	59	9	0
1449	59	10	0
1450	59	11	0
1451	59	12	0
1452	59	13	0
1453	59	14	0
1454	59	15	0
1455	59	16	0
1456	59	17	0
1457	59	18	0
1458	59	19	0
1459	59	20	0
1460	59	21	0
1461	59	22	0
1462	60	1	0
1463	60	2	0
1464	61	1	0
1465	61	2	0
1466	61	3	0
1467	61	4	0
1468	61	5	0
1469	61	6	0
1470	61	7	0
1471	61	8	0
1472	61	9	0
1473	61	10	0
1474	61	11	0
1475	61	12	0
1476	61	13	0
1477	61	14	0
1478	61	15	0
1479	61	16	0
1480	61	17	0
1481	61	18	0
1482	61	19	0
1483	62	1	0
1484	62	2	0
1485	62	3	0
1486	62	4	0
1487	62	5	0
1488	62	6	0
1489	62	7	0
1490	62	8	0
1491	62	9	0
1492	62	10	0
1493	62	11	0
1494	62	12	0
1495	62	13	0
1496	62	14	0
1497	62	15	0
1498	62	16	0
1499	62	17	0
1500	62	18	0
1501	62	19	0
1502	62	20	0
1503	62	21	0
1504	62	22	0
1505	62	23	0
1506	62	24	0
1507	62	25	0
1508	62	26	0
1509	62	27	0
1510	62	28	0
1511	62	29	0
1512	62	30	0
1513	62	31	0
1514	62	32	0
1515	62	33	0
1516	62	34	0
1517	62	35	0
1518	62	36	0
1519	62	37	0
1520	62	38	0
1521	62	39	0
1522	62	40	0
1523	62	41	0
1524	62	42	0
1525	62	43	0
1526	62	44	0
1527	62	45	0
1528	62	46	0
1529	63	1	0
1530	63	2	0
1531	63	3	0
1532	63	4	0
1533	63	5	0
1534	63	6	0
1535	63	7	0
1536	63	8	0
1537	63	9	0
1538	63	10	0
1539	63	11	0
1540	63	12	0
1541	63	13	0
1542	63	14	0
1543	63	15	0
1544	63	16	0
1545	63	17	0
1546	63	18	0
1547	63	19	0
1548	63	20	0
1549	63	21	0
1550	63	22	0
1551	63	23	0
1552	63	24	0
1553	63	25	0
1554	63	26	0
1555	63	27	0
1556	63	28	0
1557	63	29	0
1558	63	30	0
1559	63	31	0
1560	63	32	0
1561	63	33	0
1562	63	34	0
1563	63	35	0
1564	63	36	0
1565	63	37	0
1566	63	38	0
1567	63	39	0
1568	63	40	0
1569	64	1	0
1570	64	2	0
1571	64	3	0
1572	64	4	0
1573	64	5	0
1574	64	6	0
1575	64	7	0
1576	64	8	0
1577	65	1	0
1578	65	2	0
1579	65	3	0
1580	65	4	0
1581	65	5	0
1582	65	6	0
1583	65	7	0
1584	65	8	0
1585	65	9	0
1586	65	10	0
1587	65	11	0
1588	65	12	0
1589	65	13	0
1590	65	14	0
1591	65	15	0
1592	65	16	0
1593	65	17	0
1594	65	18	0
1595	65	19	0
1596	65	20	0
1597	65	21	0
1598	65	22	0
1599	65	23	0
1600	65	24	0
1601	65	25	0
1602	65	26	0
1603	65	27	0
1604	65	28	0
1605	65	29	0
1606	65	30	0
1607	65	31	0
1608	65	32	0
1609	65	33	0
1610	65	34	0
1611	65	35	0
1612	65	36	0
1613	65	37	0
1614	65	38	0
1615	65	39	0
1616	65	40	0
1617	65	41	0
1618	65	42	0
1619	65	43	0
1620	65	44	0
1621	65	45	0
1622	65	46	0
1623	65	47	0
1624	65	48	0
1625	66	1	0
1626	66	2	0
1627	66	3	0
1628	66	4	0
1629	66	5	0
1630	66	6	0
1631	66	7	0
1632	66	8	0
1633	66	9	0
1634	66	10	0
1635	66	11	0
1636	66	12	0
1637	66	13	0
1638	67	1	0
1639	67	2	0
1640	67	3	0
1641	67	4	0
1642	67	5	0
1643	67	6	0
1644	67	7	0
1645	67	8	0
1646	67	9	0
1647	67	10	0
1648	67	11	0
1649	67	12	0
1650	67	13	0
1651	67	14	0
1652	67	15	0
1653	67	16	0
1654	67	17	0
1655	67	18	0
1656	67	19	0
1657	67	20	0
1658	67	21	0
1659	67	22	0
1660	67	23	0
1661	67	24	0
1662	67	25	0
1663	67	26	0
1664	67	27	0
1665	67	28	0
1666	67	29	0
1667	67	30	0
1668	68	1	0
1669	68	2	0
1670	69	1	0
1671	69	2	0
1672	69	3	0
1673	69	4	0
1674	69	5	0
1675	69	6	0
1676	69	7	0
1677	69	8	0
1678	69	9	0
1679	69	10	0
1680	69	11	0
1681	69	12	0
1682	69	13	0
1683	69	14	0
1684	69	15	0
1685	69	16	0
1686	69	17	0
1687	69	18	0
1688	69	19	0
1689	69	20	0
1690	69	21	0
1691	69	22	0
1692	69	23	0
1693	69	24	0
1694	70	1	0
1695	70	2	0
1696	70	3	0
1697	70	4	0
1698	70	5	0
1699	70	6	0
1700	70	7	0
1701	70	8	0
1702	70	9	0
1703	70	10	0
1704	70	11	0
1705	70	12	0
1706	70	13	0
1707	70	14	0
1708	70	15	0
1709	70	16	0
1710	70	17	0
1711	70	18	0
1712	70	19	0
1713	70	20	0
1714	71	1	0
1715	71	2	0
1716	71	3	0
1717	71	4	0
1718	71	5	0
1719	71	6	0
1720	71	7	0
1721	71	8	0
1722	71	9	0
1723	71	10	0
1724	71	11	0
1725	71	12	0
1726	72	1	0
1727	72	2	0
1728	72	3	0
1729	72	4	0
1730	72	5	0
1731	72	6	0
1732	72	7	0
1733	72	8	0
1734	72	9	0
1735	72	10	0
1736	72	11	0
1737	72	12	0
1738	72	13	0
1739	72	14	0
1740	72	15	0
1741	72	16	0
1742	73	1	0
1743	73	2	0
1744	73	3	0
1745	73	4	0
1746	73	5	0
1747	73	6	0
1748	73	7	0
1749	73	8	0
1750	73	9	0
1751	73	10	0
1752	73	11	0
1753	73	12	0
1754	73	13	0
1755	73	14	0
1756	73	15	0
1757	73	16	0
1758	73	17	0
1759	73	18	0
1760	73	19	0
1761	73	20	0
1762	73	21	0
1763	73	22	0
1764	73	23	0
1765	73	24	0
1766	73	25	0
1767	73	26	0
1768	73	27	0
1769	73	28	0
1770	44	1	0
1771	44	2	0
1772	44	3	0
1773	44	4	0
1774	44	5	0
1775	44	6	0
1776	44	7	0
1777	44	8	0
1778	44	9	0
1779	44	10	0
1780	44	11	0
1781	44	12	0
1782	44	13	0
1783	45	1	0
1784	45	2	0
1785	45	3	0
1786	45	4	0
1787	45	5	0
1788	45	6	0
1789	45	7	0
1790	45	8	0
1791	45	9	0
1792	45	10	0
1793	45	11	0
1794	45	12	0
1795	45	13	0
1796	45	14	0
1797	45	15	0
1798	45	16	0
1799	45	17	0
1800	45	18	0
1801	45	19	0
1802	45	20	0
1803	45	21	0
1804	45	22	0
1805	45	23	0
1806	45	24	0
1807	45	25	0
1808	45	26	0
1809	45	27	0
1810	45	28	0
1811	45	29	0
1812	45	30	0
1813	45	31	0
1814	45	32	0
1815	45	33	0
1816	45	34	0
1817	45	35	0
1818	45	36	0
1819	45	37	0
1820	45	38	0
1821	45	39	0
1822	45	40	0
1823	45	41	0
1824	46	1	0
1825	46	2	0
1826	46	3	0
1827	46	4	0
1828	46	5	0
1829	46	6	0
1830	46	7	0
1831	46	8	0
1832	46	9	0
1833	46	10	0
1834	46	11	0
1835	46	12	0
1836	46	13	0
1837	46	14	0
1838	46	15	0
1839	46	16	0
1840	46	17	0
1841	46	18	0
1842	46	19	0
1843	46	20	0
1844	46	21	0
1845	46	22	0
1846	46	23	0
1847	46	24	0
1848	46	25	0
1849	47	1	0
1850	47	2	0
1851	47	3	0
1852	47	4	0
1853	47	5	0
1854	48	1	0
1855	48	2	0
1856	48	3	0
1857	48	4	0
1858	48	5	0
1859	48	6	0
1860	48	7	0
1861	48	8	0
1862	48	9	0
1863	48	10	0
1864	48	11	0
1865	48	12	0
1866	48	13	0
1867	48	14	0
1868	48	15	0
1869	48	16	0
1870	48	17	0
1871	48	18	0
1872	48	19	0
1873	48	20	0
1874	49	1	0
1875	49	2	0
1876	49	3	0
1877	49	4	0
1878	49	5	0
1879	50	1	0
1880	50	2	0
1881	50	3	0
1882	50	4	0
1883	50	5	0
1884	50	6	0
1885	50	7	0
1886	50	8	0
1887	50	9	0
1888	50	10	0
1889	50	11	0
1890	50	12	0
1891	50	13	0
1892	50	14	0
1893	50	15	0
1894	50	16	0
1895	50	17	0
1896	50	18	0
1897	50	19	0
1898	50	20	0
1899	50	21	0
1900	50	22	0
1901	50	23	0
1902	50	24	0
1903	50	25	0
1904	50	26	0
1905	50	27	0
1906	51	1	0
1907	51	2	0
1908	51	3	0
1909	51	4	0
1910	51	5	0
1911	51	6	0
1912	51	7	0
1913	51	8	0
1914	51	9	0
1915	51	10	0
1916	51	11	0
1917	51	12	0
1918	51	13	0
1919	51	14	0
1920	51	15	0
1921	51	16	0
1922	51	17	0
1923	51	18	0
1924	51	19	0
1925	51	20	0
1926	51	21	0
1927	51	22	0
1928	51	23	0
1929	51	24	0
1930	51	25	0
1931	51	26	0
1932	52	1	0
1933	52	2	0
1934	52	3	0
1935	52	4	0
1936	52	5	0
1937	52	6	0
1938	52	7	0
1939	52	8	0
1940	52	9	0
1941	52	10	0
1942	52	11	0
1943	52	12	0
1944	52	13	0
1945	52	14	0
1946	52	15	0
1947	52	16	0
1948	53	1	0
1949	53	2	0
1950	53	3	0
1951	53	4	0
1952	53	5	0
1953	53	6	0
1954	53	7	0
1955	53	8	0
1956	53	9	0
1957	53	10	0
1958	53	11	0
1959	53	12	0
1960	53	13	0
1961	53	14	0
1962	53	15	0
1963	53	16	0
1964	53	17	0
1965	53	18	0
1966	53	19	0
1967	53	20	0
1968	53	21	0
1969	53	22	0
1970	53	23	0
1971	53	24	0
1972	53	25	0
1973	53	26	0
1974	53	27	0
1975	53	28	0
1976	53	29	0
1977	53	30	0
1978	53	31	0
1979	53	32	0
1980	53	33	0
1981	53	34	0
1982	53	35	0
1983	53	36	0
1984	53	37	0
1985	53	38	0
1986	53	39	0
1987	53	40	0
1988	53	41	0
1989	53	42	0
1990	53	43	0
1991	53	44	0
1992	53	45	0
1993	53	46	0
1994	53	47	0
1995	53	48	0
1996	54	1	0
1997	54	2	0
1998	54	3	0
1999	54	4	0
2000	54	5	0
2001	54	6	0
2002	54	7	0
2003	54	8	0
2004	54	9	0
2005	55	1	0
2006	56	1	0
2007	56	2	0
2008	56	3	0
2009	56	4	0
2010	56	5	0
2011	56	6	0
2012	56	7	0
2013	56	8	0
2014	56	9	0
2015	56	10	0
2016	56	11	0
2017	56	12	0
2018	56	13	0
2019	56	14	0
2020	56	15	0
2021	56	16	0
2022	56	17	0
2023	56	18	0
2024	56	19	0
2025	56	20	0
2026	56	21	0
2027	56	22	0
2028	56	23	0
2029	56	24	0
2030	56	25	0
2031	57	1	0
2032	57	2	0
2033	57	3	0
2034	57	4	0
2035	57	5	0
2036	57	6	0
2037	57	7	0
2038	57	8	0
2039	57	9	0
2040	57	10	0
2041	57	11	0
2042	57	12	0
2043	57	13	0
2044	57	14	0
2045	57	15	0
2046	57	16	0
2047	57	17	0
2048	57	18	0
2049	57	19	0
2050	57	20	0
2051	57	21	0
2052	57	22	0
2053	57	23	0
2054	57	24	0
2055	57	25	0
2056	57	26	0
2057	57	27	0
2058	57	28	0
2059	57	29	0
2060	57	30	0
2061	57	31	0
2062	57	32	0
2063	57	33	0
2064	57	34	0
2065	57	35	0
2066	57	36	0
2067	57	37	0
2068	57	38	0
2069	57	39	0
2070	57	40	0
2071	57	41	0
2072	57	42	0
2073	57	43	0
2074	77	1	0
2075	77	2	0
2076	77	3	0
2077	77	4	0
2078	77	5	0
2079	77	6	0
2080	78	1	0
2081	78	2	0
2082	78	3	0
2083	78	4	0
2084	78	5	0
2085	78	6	0
2086	78	7	0
2087	78	8	0
2088	78	9	0
2089	78	10	0
2090	78	11	0
2091	78	12	0
2092	78	13	0
2093	78	14	0
2094	78	15	0
2095	78	16	0
2096	78	17	0
2097	78	18	0
2098	78	19	0
2099	78	20	0
2100	78	21	0
2101	78	22	0
2102	78	23	0
2103	78	24	0
2104	78	25	0
2105	78	26	0
2106	78	27	0
2107	78	28	0
2108	78	29	0
2109	78	30	0
2110	78	31	0
2111	78	32	0
2112	78	33	0
2113	78	34	0
2114	78	35	0
2115	78	36	0
2116	79	1	0
2117	79	2	0
2118	79	3	0
2119	79	4	0
2120	79	5	0
2121	79	6	0
2122	79	7	0
2123	79	8	0
2124	79	9	0
2125	79	10	0
2126	79	11	0
2127	79	12	0
2128	79	13	0
2129	79	14	0
2130	79	15	0
2131	79	16	0
2132	79	17	0
2133	79	18	0
2134	79	19	0
2135	79	20	0
2136	79	21	0
2137	79	22	0
2138	79	23	0
2139	79	24	0
2140	79	25	0
2141	79	26	0
2142	79	27	0
2143	79	28	0
2144	79	29	0
2145	79	30	0
2146	79	31	0
2147	79	32	0
2148	79	33	0
2149	79	34	0
2150	79	35	0
2151	79	36	0
2152	79	37	0
2153	79	38	0
2154	79	39	0
2155	79	40	0
2156	79	41	0
2157	79	42	0
2158	79	43	0
2159	79	44	0
2160	79	45	0
2161	79	46	0
2162	79	47	0
2163	79	48	0
2164	79	49	0
2165	80	1	0
2166	80	2	0
2167	80	3	0
2168	80	4	0
2169	80	5	0
2170	80	6	0
2171	80	7	0
2172	80	8	0
2173	81	1	0
2174	81	2	0
2175	81	3	0
2176	81	4	0
2177	81	5	0
2178	81	6	0
2179	81	7	0
2180	81	8	0
2181	81	9	0
2182	81	10	0
2183	81	11	0
2184	81	12	0
2185	81	13	0
2186	81	14	0
2187	81	15	0
2188	81	16	0
2189	81	17	0
2190	81	18	0
2191	81	19	0
2192	81	20	0
2193	81	21	0
2194	81	22	0
2195	81	23	0
2196	81	24	0
2197	81	25	0
2198	81	26	0
2199	81	27	0
2200	81	28	0
2201	81	29	0
2202	81	30	0
2203	81	31	0
2204	81	32	0
2205	81	33	0
2206	81	34	0
2207	82	1	0
2208	82	2	0
2209	82	3	0
2210	82	4	0
2211	82	5	0
2212	82	6	0
2213	82	7	0
2214	82	8	0
2215	82	9	0
2216	82	10	0
2217	82	11	0
2218	82	12	0
2219	82	13	0
2220	83	1	0
2221	83	2	0
2222	83	3	0
2223	83	4	0
2224	83	5	0
2225	83	6	0
2226	83	7	0
2227	83	8	0
2228	83	9	0
2229	83	10	0
2230	83	11	0
2231	83	12	0
2232	83	13	0
2233	83	14	0
2234	83	15	0
2235	83	16	0
2236	83	17	0
2237	83	18	0
2238	83	19	0
2239	83	20	0
2240	83	21	0
2241	83	22	0
2242	83	23	0
2243	83	24	0
2244	83	25	0
2245	83	26	0
2246	83	27	0
2247	83	28	0
2248	83	29	0
2249	83	30	0
2250	83	31	0
2251	83	32	0
2252	83	33	0
2253	83	34	0
2254	83	35	0
2255	84	1	0
2256	84	2	0
2257	84	3	0
2258	84	4	0
2259	84	5	0
2260	84	6	0
2261	84	7	0
2262	84	8	0
2263	84	9	0
2264	84	10	0
2265	84	11	0
2266	84	12	0
2267	84	13	0
2268	84	14	0
2269	84	15	0
2270	84	16	0
2271	84	17	0
2272	84	18	0
2273	84	19	0
2274	84	20	0
2275	84	21	0
2276	84	22	0
2277	84	23	0
2278	84	24	0
2279	84	25	0
2280	84	26	0
2281	84	27	0
2282	84	28	0
2283	84	29	0
2284	84	30	0
2285	84	31	0
2286	84	32	0
2287	84	33	0
2288	84	34	0
2289	84	35	0
2290	84	36	0
2291	84	37	0
2292	84	38	0
2293	84	39	0
2294	84	40	0
2295	84	41	0
2296	84	42	0
2297	84	43	0
2298	84	44	0
2299	84	45	0
2300	84	46	0
2301	84	47	0
2302	84	48	0
2303	84	49	0
2304	85	1	0
2305	85	2	0
2306	85	3	0
2307	85	4	0
2308	85	5	0
2309	85	6	0
2310	85	7	0
2311	85	8	0
2312	85	9	0
2313	85	10	0
2314	85	11	0
2315	85	12	0
2316	85	13	0
2317	85	14	0
2318	85	15	0
2319	85	16	0
2320	85	17	0
2321	85	18	0
2322	85	19	0
2323	85	20	0
2324	85	21	0
2325	85	22	0
2326	85	23	0
2327	85	24	0
2328	85	25	0
2329	85	26	0
2330	86	1	0
2331	86	2	0
2332	86	3	0
2333	86	4	0
2334	87	1	0
2335	87	2	0
2336	87	3	0
2337	87	4	0
2338	87	5	0
2339	87	6	0
2340	87	7	0
2341	87	8	0
2342	87	9	0
2343	87	10	0
2344	87	11	0
2345	87	12	0
2346	87	13	0
2347	87	14	0
2348	87	15	0
2349	87	16	0
2350	87	17	0
2351	87	18	0
2352	87	19	0
2353	87	20	0
2354	87	21	0
2355	87	22	0
2356	88	1	0
2357	88	2	0
2358	88	3	0
2359	88	4	0
2360	88	5	0
2361	88	6	0
2362	88	7	0
2363	88	8	0
2364	88	9	0
2365	88	10	0
2366	88	11	0
2367	88	12	0
2368	88	13	0
2369	88	14	0
2370	88	15	0
2371	88	16	0
2372	88	17	0
2373	88	18	0
2374	98	1	0
2375	98	2	0
2376	98	3	0
2377	98	4	0
2378	98	5	0
2379	98	6	0
2380	98	7	0
2381	98	8	0
2382	98	9	0
2383	98	10	0
2384	98	11	0
2385	98	12	0
2386	98	13	0
2387	98	14	0
2388	98	15	0
2389	99	1	0
2390	99	2	0
2391	99	3	0
2392	99	4	0
2393	99	5	0
2394	99	6	0
2395	99	7	0
2396	99	8	0
2397	99	9	0
2398	99	10	0
2399	99	11	0
2400	99	12	0
2401	99	13	0
2402	99	14	0
2403	99	15	0
2404	99	16	0
2405	99	17	0
2406	99	18	0
2407	99	19	0
2408	99	20	0
2409	99	21	0
2410	99	22	0
2411	99	23	0
2412	99	24	0
2413	99	25	0
2414	99	26	0
2415	99	27	0
2416	99	28	0
2417	99	29	0
2418	99	30	0
2419	99	31	0
2420	99	32	0
2421	99	33	0
2422	99	34	0
2423	99	35	0
2424	99	36	0
2425	99	37	0
2426	99	38	0
2427	99	39	0
2428	99	40	0
2429	99	41	0
2430	99	42	0
2431	99	43	0
2432	99	44	0
2433	99	45	0
2434	99	46	0
2435	100	1	0
2436	104	1	0
2437	104	2	0
2438	104	3	0
2439	104	4	0
2440	104	5	0
2441	104	6	0
2442	104	7	0
2443	104	8	0
2444	104	9	0
2445	104	10	0
2446	104	11	0
2447	104	12	0
2448	104	13	0
2449	104	14	0
2450	104	15	0
2451	104	16	0
2452	104	17	0
2453	104	18	0
2454	104	19	0
2455	104	20	0
2456	104	21	0
2457	104	22	0
2458	105	1	0
2459	105	2	0
2460	105	3	0
2461	105	4	0
2462	105	5	0
2463	105	6	0
2464	105	7	0
2465	105	8	0
2466	105	9	0
2467	105	10	0
2468	105	11	0
2469	105	12	0
2470	105	13	0
2471	105	14	0
2472	105	15	0
2473	105	16	0
2474	105	17	0
2475	105	18	0
2476	105	19	0
2477	105	20	0
2478	105	21	0
2479	105	22	0
2480	105	23	0
2481	105	24	0
2482	105	25	0
2483	105	26	0
2484	105	27	0
2485	105	28	0
2486	105	29	0
2487	105	30	0
2488	105	31	0
2489	105	32	0
2490	105	33	0
2491	105	34	0
2492	105	35	0
2493	105	36	0
2494	105	37	0
2495	106	1	0
2496	106	2	0
2497	106	3	0
2498	106	4	0
2499	106	5	0
2500	106	6	0
2501	106	7	0
2502	101	1	0
2503	101	2	0
2504	103	1	0
2505	103	2	0
2506	103	3	0
2507	103	4	0
2508	103	5	0
2509	103	6	0
2510	103	7	0
2511	103	8	0
2512	103	9	0
2513	103	10	0
2514	103	11	0
2515	103	12	0
2516	103	13	0
2517	103	14	0
2518	103	15	0
2519	103	16	0
2520	103	17	0
2521	103	18	0
2522	103	19	0
2523	103	20	0
2524	103	21	0
2525	103	22	0
2526	103	23	0
2527	103	24	0
2528	103	25	0
2529	103	26	0
2530	103	27	0
2531	103	28	0
2532	103	29	0
2533	103	30	0
2534	103	31	0
2535	103	32	0
2536	103	33	0
2537	103	34	0
2538	103	35	0
2539	103	36	0
2540	103	37	0
2541	103	38	0
2542	103	39	0
2543	103	40	0
2544	103	41	0
2545	103	42	0
2546	103	43	0
2547	103	44	0
2548	103	45	0
2549	103	46	0
2550	103	47	0
2551	107	1	0
2552	107	2	0
2553	107	3	0
2554	107	4	0
2555	107	5	0
2556	107	6	0
2557	107	7	0
2558	107	8	0
2559	107	9	0
2560	107	10	0
2561	107	11	0
2562	107	12	0
2563	108	1	0
2564	108	2	0
2565	108	3	0
2566	108	4	0
2567	108	5	0
2568	108	6	0
2569	108	7	0
2570	108	8	0
2571	108	9	0
2572	108	10	0
2573	108	11	0
2574	108	12	0
2575	108	13	0
2576	108	14	0
2577	108	15	0
2578	108	16	0
2579	108	17	0
2580	108	18	0
2581	108	19	0
2582	108	20	0
2583	108	21	0
2584	108	22	0
2585	108	23	0
2586	108	24	0
2587	108	25	0
2588	108	26	0
2589	108	27	0
2590	108	28	0
2591	108	29	0
2592	108	30	0
2593	108	31	0
2594	108	32	0
2595	108	33	0
2596	108	34	0
2597	108	35	0
2598	108	36	0
2599	108	37	0
2600	108	38	0
2601	109	1	0
2602	109	2	0
2603	109	3	0
2604	109	4	0
2605	109	5	0
2606	109	6	0
2607	109	7	0
2608	109	8	0
2609	109	9	0
2610	109	10	0
2611	109	11	0
2612	109	12	0
2613	109	13	0
2614	109	14	0
2615	109	15	0
2616	109	16	0
2617	109	17	0
2618	109	18	0
2619	109	19	0
2620	109	20	0
2621	109	21	0
2622	109	22	0
2623	109	23	0
2624	109	24	0
2625	109	25	0
2626	109	26	0
2627	109	27	0
2628	109	28	0
2629	109	29	0
2630	109	30	0
2631	109	31	0
2632	109	32	0
\.


--
-- Data for Name: contents; Type: TABLE DATA; Schema: public; Owner: epathshala
--

COPY public.contents (content_id, date_of_creation, content_type, title, description, course_id, rate) FROM stdin;
58	2020-10-15	PAGE      	Getting ready for performing transformations	Description of page 'Getting ready for performing transformations'                                  	3	0
75	2020-10-15	PAGE      	Properties of translations	Description of page 'Properties of translations'                                                    	3	0
76	2020-10-15	QUIZ      	Translate points	Description of quiz 'Translate points'                                                              	3	0
11	2019-10-19	PAGE      	Evaluating expressions with one variable	Description of page 'Evaluating expressions with one variable'                                      	1	0
13	2019-10-19	PAGE      	Evaluating expressions with two variables	Description of page 'Evaluating expressions with two variables'                                     	1	0
15	2019-10-19	PAGE      	Evaluating expressions with two variables: fractions & decimals	Description of page 'Evaluating expressions with two variables: fractions & decimals'               	1	0
16	2019-10-19	QUIZ      	Evaluating expressions with multiple variables	Description of quiz 'Evaluating expressions with multiple variables'                                	1	0
17	2019-10-19	QUIZ      	Evaluating expressions with multiple variables: fractions and decimals	Description of quiz 'Evaluating expressions with multiple variables: fractions and decimals'        	1	0
21	2019-10-19	QUIZ      	Combining like terms with negative coefficients	Description of quiz 'Combining like terms with negative coefficients'                               	1	0
22	2019-10-19	QUIZ      	Combining like terms with negative coefficients and distribution	Description of quiz 'Combining like terms with negative coefficients and distribution'              	1	0
23	2019-10-19	QUIZ      	Combining like terms with rational coefficients	Description of quiz 'Combining like terms with rational coefficients'                               	1	0
88	2020-03-11	QUIZ      	Traingle ratios in right triangles	Description of quiz 'Traingle ratios in right triangles'                                            	4	0
74	2020-10-15	VIDEO     	Transition challenge problem	Description of video 'Transition challenge problem'                                                 	3	0
12	2019-10-19	VIDEO     	Evaluating expressions with two variables	Description of video 'Evaluating expressions with two variables'                                    	1	0
14	2019-10-19	VIDEO     	Evaluating expressions with two variables: fractions & decimals	Description of video 'Evaluating expressions with two variables: fractions & decimals'              	1	0
18	2019-10-19	VIDEO     	Combining like terms with negative coefficients & distribution	Description of video 'Combining like terms with negative coefficients & distribution'               	1	0
19	2019-10-19	VIDEO     	Combining like terms with negative coefficients	Description of video 'Combining like terms with negative coefficients'                              	1	0
48	2019-10-01	QUIZ      	Multiply monomials by polynomials	Description of quiz 'Multiply monomials by polynomials'                                             	2	0
51	2019-10-01	PAGE      	Multiply binomials by polynomials review	Description of page 'Multiply binomials by polynomials review'                                      	2	0
52	2019-10-01	QUIZ      	Multiply binomials by polynomials: area model	Description of quiz 'Multiply binomials by polynomials: area model'                                 	2	0
77	2020-10-15	QUIZ      	Determining translations	Description of quiz 'Determining translations'                                                      	3	0
4	2019-10-19	VIDEO     	Creativity break: Why is creativity importants in algebra?	Description of video 'Creativity break: Why is creativity importants in algebra?'                   	1	0
5	2019-10-19	VIDEO     	Intro to the coordinate plane	Description of video 'Intro to the coordinate plane'                                                	1	0
6	2019-10-19	VIDEO     	Why all the letters in algebra?	Description of video 'Why all the letters in algebra?'                                              	1	0
7	2019-10-19	VIDEO     	What is a variable?	Description of video 'What is a variable?'                                                          	1	0
8	2019-10-19	VIDEO     	Why aren't we using the multiplication sign?	Description of video 'Why aren't we using the multiplication sign?'                                 	1	0
9	2019-10-19	VIDEO     	Creativity break: Why is creativity important in STEM jobs?	Description of video 'Creativity break: Why is creativity important in STEM jobs?'                  	1	0
25	2019-10-19	QUIZ      	Equivalent expressions	Description of quiz 'Equivalent expressions'                                                        	1	0
33	2019-10-01	QUIZ      	Average rate of change of polynomials	Description of quiz 'Average rate of change of polynomials'                                         	2	0
37	2019-10-01	PAGE      	Adding and subtracting polynomials review	Description of page 'Adding and subtracting polynomials review'                                     	2	0
10	2019-10-19	VIDEO     	Evaluating expressions with one variable	Description of video 'Evaluating expressions with one variable'                                     	1	0
20	2019-10-19	VIDEO     	Combining like terms with rational coefficients	Description of video 'Combining like terms with rational coefficients'                              	1	0
24	2019-10-19	VIDEO     	Equivalent expressions	Description of video 'Equivalent expressions'                                                       	1	0
26	2019-10-19	VIDEO     	Why dividing by zero is undefined?	Description of video 'Why dividing by zero is undefined?'                                           	1	0
99	2020-10-16	VIDEO     	What is Programming?	Description of video 'What is Programming?'                                                         	7	0
27	2019-10-19	VIDEO     	The problem with dividing zero by zero	Description of video 'The problem with dividing zero by zero'                                       	1	0
28	2019-10-19	VIDEO     	Undefined and indeterminate expressions	Description of video 'Undefined and indeterminate expressions'                                      	1	0
29	2019-10-01	VIDEO     	Polinomials intro	Description of video 'Polinomials intro'                                                            	2	0
30	2019-10-01	VIDEO     	The parts of polynomial expressions	Description of video 'The parts of polynomial expressions'                                          	2	0
31	2019-10-01	VIDEO     	Finding average rate of change of polynomials	Description of video 'Finding average rate of change of polynomials'                                	2	0
32	2019-10-01	VIDEO     	Sign of average rate of change of polynomials	Description of video 'Sign of average rate of change of polynomials'                                	2	0
34	2019-10-01	VIDEO     	Adding polynomials	Description of video 'Adding polynomials'                                                           	2	0
35	2019-10-01	VIDEO     	Subtracting polynomials	Description of video 'Subtracting polynomials'                                                      	2	0
36	2019-10-01	VIDEO     	Polynomial subtraction	Description of video 'Polynomial subtraction'                                                       	2	0
41	2019-10-01	VIDEO     	Multiplying monomials	Description of video 'Multiplying monomials'                                                        	2	0
42	2019-10-01	VIDEO     	Multiplying monomials by polynomials: area model	Description of video 'Multiplying monomials by polynomials: area model'                             	2	0
43	2019-10-01	VIDEO     	Area model for multiplying monomials with negative terms	Description of video 'Area model for multiplying monomials with negative terms'                     	2	0
92	2020-03-12	VIDEO     	Interpreting a histogram	Description of video 'Interpreting a histogram'                                                     	5	0
50	2019-10-01	VIDEO     	Multiply binomials by polynomials	Description of video 'Multiply binomials by polynomials'                                            	2	0
57	2019-10-01	QUIZ      	Polynomial special products: perfect square	Description of quiz 'Polynomial special products: perfect square'                                   	2	0
78	2020-10-15	QUIZ      	Translate shapes	Description of quiz 'Translate shapes'                                                              	3	0
79	2020-03-11	PAGE      	Getting ready for right triangles and trigonometry	Description of page 'Getting ready for right triangles and trigonometry'                            	4	0
80	2020-03-11	PAGE      	Hypotenuse, opposite and trigonometry	Description of page 'Hypotenuse, opposite and trigonometry'                                         	4	0
38	2019-10-01	QUIZ      	Add polynomials (intro)	Description of quiz 'Add polynomials (intro)'                                                       	2	0
39	2019-10-01	QUIZ      	Subtract polynomials (intro)	Description of quiz 'Subtract polynomials (intro)'                                                  	2	0
40	2019-10-01	QUIZ      	Add and subtract polynomials	Description of quiz 'Add and subtract polynomials'                                                  	2	0
93	2020-03-12	QUIZ      	Create histograms	Description of quiz 'Create histograms'                                                             	5	0
94	2020-03-12	QUIZ      	Read histograms	Description of quiz 'Read histograms'                                                               	5	0
90	2020-03-12	QUIZ      	Reading dot plots & frequency tables	Description of quiz 'Reading dot plots & frequency tables'                                          	5	0
62	2020-10-15	QUIZ      	Geometric definitions	Description of quiz 'Geometric definitions'                                                         	3	0
65	2020-10-15	PAGE      	Translations intro	Description of page 'Translations intro'                                                            	3	0
66	2020-10-15	PAGE      	Rotations intro	Description of page 'Rotations intro'                                                               	3	0
68	2020-10-15	QUIZ      	Identify transformations	Description of quiz 'Identify transformations'                                                      	3	0
71	2020-10-15	PAGE      	Determining translations	Description of page 'Determining translations'                                                      	3	0
73	2020-10-15	PAGE      	Translating shapes	Description of page 'Translating shapes'                                                            	3	0
45	2019-10-01	PAGE      	Multiplying monomials by polynomials review	Description of page 'Multiplying monomials by polynomials review'                                   	2	0
46	2019-10-01	QUIZ      	Multiply monomials	Description of quiz 'Multiply monomials'                                                            	2	0
47	2019-10-01	QUIZ      	Multiply monomials by polynomials: area model	Description of quiz 'Multiply monomials by polynomials: area model'                                 	2	0
53	2019-10-01	QUIZ      	Multiply binomials by polynomials	Description of quiz 'Multiply binomials by polynomials'                                             	2	0
56	2019-10-01	QUIZ      	Polynomial special products: difference of squares	Description of quiz 'Polynomial special products: difference of squares'                            	2	0
81	2020-03-11	PAGE      	Side ratios in right triangles as afunction of the angles	Description of page 'Side ratios in right triangles as afunction of the angles'                     	4	0
84	2020-03-11	QUIZ      	Use ratios in right triangles	Description of quiz 'Use ratios in right triangles'                                                 	4	0
87	2020-03-11	PAGE      	Traingle ratios in right triangles	Description of page 'Traingle ratios in right triangles'                                            	4	0
100	2020-10-16	PAGE      	Learn programming on ePathshala	Description of page 'Learn programming on ePathshala'                                               	7	0
104	2021-03-13	PAGE      	How do computers represent data?	Description of page 'How do computers represent data?'                                              	9	0
106	2021-03-13	PAGE      	Bits (binary digits)	Description of page 'Bits (binary digits)'                                                          	9	0
95	2020-05-08	VIDEO     	Identifying individuals, variables and catagorical variables in a data set	Description of video 'Identifying individuals, variables and catagorical variables in a data set'   	6	0
96	2020-05-08	VIDEO     	Reading pictographs	Description of video 'Reading pictographs'                                                          	6	0
97	2020-05-08	VIDEO     	Reading bar graphs	Description of video 'Reading bar graphs'                                                           	6	0
102	2020-11-13	VIDEO     	Scarcity	Description of video 'Scarcity'                                                                     	8	0
89	2020-03-12	VIDEO     	Frequency tables and dot plots	Description of video 'Frequency tables and dot plots'                                               	5	0
91	2020-03-12	VIDEO     	Creating a histogram	Description of video 'Creating a histogram'                                                         	5	0
59	2020-10-15	VIDEO     	Euclid as father of geometry	Description of video 'Euclid as father of geometry'                                                 	3	0
60	2020-10-15	VIDEO     	Terms & labels in geometry	Description of video 'Terms & labels in geometry'                                                   	3	0
61	2020-10-15	VIDEO     	Geometric definitions example	Description of video 'Geometric definitions example'                                                	3	0
63	2020-10-15	VIDEO     	Rigid transformations intro	Description of video 'Rigid transformations intro'                                                  	3	0
64	2020-10-15	VIDEO     	Dilations intro	Description of video 'Dilations intro'                                                              	3	0
1	2019-10-19	VIDEO     	Origins of algebra	Description of video 'Origins of algebra'                                                           	1	0
2	2019-10-19	VIDEO     	Abstract-ness	Description of video 'Abstract-ness'                                                                	1	0
3	2019-10-19	VIDEO     	The beauty of algebra	Description of video 'The beauty of algebra'                                                        	1	0
67	2020-10-15	VIDEO     	Identifying transformations	Description of video 'Identifying transformations'                                                  	3	0
69	2020-10-15	VIDEO     	Translating points	Description of video 'Translating points'                                                           	3	0
70	2020-10-15	VIDEO     	Determining translations	Description of video 'Determining translations'                                                     	3	0
72	2020-10-15	VIDEO     	Translating shapes	Description of video 'Translating shapes'                                                           	3	0
44	2019-10-01	VIDEO     	Multiplying monomials by polynomials	Description of video 'Multiplying monomials by polynomials'                                         	2	0
49	2019-10-01	VIDEO     	Multiply binomials by polynomials: area model	Description of video 'Multiply binomials by polynomials: area model'                                	2	0
54	2019-10-01	VIDEO     	Polynomial special products: difference of squares	Description of video 'Polynomial special products: difference of squares'                           	2	0
55	2019-10-01	VIDEO     	Polynomial special products: perfect square	Description of video 'Polynomial special products: perfect square'                                  	2	0
82	2020-03-11	VIDEO     	Using similarity to estimate ratio between side lengths	Description of video 'Using similarity to estimate ratio between side lengths'                      	4	0
83	2020-03-11	VIDEO     	Using right triangle ratios to approximate angle measure	Description of video 'Using right triangle ratios to approximate angle measure'                     	4	0
98	2020-05-08	VIDEO     	Creating a bar graph	Description of video 'Creating a bar graph'                                                         	6	0
85	2020-03-11	VIDEO     	Triangle similarity & the trigonometric ratios	Description of video 'Triangle similarity & the trigonometric ratios'                               	4	0
86	2020-03-11	VIDEO     	Traingle ratios in right triangles	Description of video 'Traingle ratios in right triangles'                                           	4	0
105	2021-03-13	VIDEO     	Binary and data	Description of video 'Binary and data'                                                              	9	0
101	2020-11-13	VIDEO     	Introduction to economics	Description of video 'Introduction to economics'                                                    	8	0
103	2020-11-13	VIDEO     	Scarcity and rivalry	Description of video 'Scarcity and rivalry'                                                         	8	0
107	2021-05-15	VIDEO     	Introoduction to economics	Description of video 'Introoduction to economics'                                                   	10	0
108	2021-05-15	VIDEO     	Scarcity	Description of video 'Scarcity'                                                                     	10	0
109	2021-05-15	VIDEO     	Normative and positive statements	Description of video 'Normative and positive statements'                                            	10	0
\.


--
-- Data for Name: course_tags; Type: TABLE DATA; Schema: public; Owner: epathshala
--

COPY public.course_tags (tag_id, course_id) FROM stdin;
1	1
1	2
1	3
1	4
1	5
1	6
2	3
2	4
3	7
3	9
4	9
5	8
5	10
\.


--
-- Data for Name: courses; Type: TABLE DATA; Schema: public; Owner: epathshala
--

COPY public.courses (course_id, title, description, date_of_creation, price, creator_id) FROM stdin;
1	Algebra 1	Introduction to algebra                                                                             	2019-10-19	500	51
2	Algebra 2	Some advanced topics on algebra                                                                     	2019-10-01	500	52
3	Geometry	Learn geometry having fun                                                                           	2020-10-15	600	53
4	Trigonometry	Master trigonometry                                                                                 	2020-03-11	600	54
5	Statistics	Learn statistics basics                                                                             	2020-03-12	700	55
6	Statistics and Probablity	Learn statistics and probablity                                                                     	2020-05-08	700	56
7	Computer Programming	Learn the art of programming                                                                        	2020-10-16	1000	57
8	Microeconomics	Learn microeconomics                                                                                	2020-11-13	500	58
9	Computers and Internet	Learn how the amazing world of internet works                                                       	2021-03-13	1200	59
10	Macroeconomics	Learn macroeconomics                                                                                	2021-05-15	500	60
\.


--
-- Data for Name: credit_card_users; Type: TABLE DATA; Schema: public; Owner: epathshala
--

COPY public.credit_card_users (credit_card_id, bank_id) FROM stdin;
2	1
8	1
9	1
13	1
14	1
15	1
18	1
21	1
23	1
25	1
26	1
32	1
33	1
37	1
38	1
40	1
43	1
45	1
46	1
47	1
49	1
54	1
56	1
4	2
5	2
6	2
7	2
17	2
20	2
22	2
24	2
27	2
29	2
30	2
31	2
34	2
36	2
41	2
42	2
44	2
55	2
1	3
3	3
10	3
11	3
12	3
16	3
19	3
28	3
35	3
39	3
48	3
50	3
51	3
52	3
53	3
57	3
58	3
59	3
\.


--
-- Data for Name: enrolled_courses; Type: TABLE DATA; Schema: public; Owner: epathshala
--

COPY public.enrolled_courses (user_id, course_id, date_of_join) FROM stdin;
1	1	2020-01-08
1	2	2020-01-08
2	1	2020-05-16
2	2	2020-05-16
2	3	2020-05-16
2	4	2020-05-16
2	5	2020-05-16
2	6	2020-05-16
2	7	2020-05-16
2	8	2020-05-16
3	1	2021-07-15
3	2	2021-07-15
4	1	2021-12-14
5	1	2021-06-28
6	1	2021-04-06
6	2	2021-04-06
6	3	2021-04-06
6	4	2021-04-06
7	1	2020-03-15
7	2	2020-03-15
7	3	2020-03-15
7	4	2020-03-15
7	5	2020-03-15
7	6	2020-03-15
8	1	2021-09-05
8	2	2021-09-05
8	3	2021-09-05
8	4	2021-09-05
8	5	2021-09-05
8	6	2021-09-05
8	7	2021-09-05
9	1	2021-03-02
9	2	2021-03-02
9	3	2021-03-02
9	4	2021-03-02
9	5	2021-03-02
9	6	2021-03-02
9	7	2021-03-02
9	8	2021-03-02
9	9	2021-03-02
10	1	2021-05-04
10	2	2021-05-04
10	3	2021-05-04
10	4	2021-05-04
10	5	2021-05-04
10	6	2021-05-04
10	7	2021-05-04
10	8	2021-05-04
10	9	2021-05-04
11	1	2021-01-04
11	2	2021-01-04
11	3	2021-01-04
11	4	2021-01-04
11	5	2021-01-04
11	6	2021-01-04
11	7	2021-01-04
12	1	2020-10-16
12	2	2020-10-16
12	3	2020-10-16
12	4	2020-10-16
12	5	2020-10-16
12	6	2020-10-16
12	7	2020-10-16
13	1	2020-03-08
13	2	2020-03-08
13	3	2020-03-08
14	1	2021-02-15
14	2	2021-02-15
14	3	2021-02-15
14	4	2021-02-15
14	5	2021-02-15
14	6	2021-02-15
14	7	2021-02-15
14	8	2021-02-15
14	9	2021-02-15
14	10	2021-02-15
15	1	2021-07-03
15	2	2021-07-03
15	3	2021-07-03
15	4	2021-07-03
16	1	2020-02-16
16	2	2020-02-16
16	3	2020-02-16
17	1	2020-01-26
17	2	2020-01-26
17	3	2020-01-26
17	4	2020-01-26
17	5	2020-01-26
17	6	2020-01-26
17	7	2020-01-26
17	8	2020-01-26
18	1	2021-03-23
18	2	2021-03-23
18	3	2021-03-23
19	1	2021-04-09
19	2	2021-04-09
19	3	2021-04-09
19	4	2021-04-09
19	5	2021-04-09
20	1	2020-02-17
20	2	2020-02-17
20	3	2020-02-17
20	4	2020-02-17
20	5	2020-02-17
21	1	2020-02-11
21	2	2020-02-11
21	3	2020-02-11
22	1	2020-04-21
22	2	2020-04-21
23	1	2021-02-16
23	2	2021-02-16
23	3	2021-02-16
23	4	2021-02-16
23	5	2021-02-16
24	1	2020-08-01
24	2	2020-08-01
24	3	2020-08-01
25	1	2020-12-15
25	2	2020-12-15
25	3	2020-12-15
25	4	2020-12-15
25	5	2020-12-15
25	6	2020-12-15
26	1	2021-07-20
26	2	2021-07-20
26	3	2021-07-20
27	1	2021-01-01
28	1	2020-04-27
28	2	2020-04-27
28	3	2020-04-27
28	4	2020-04-27
28	5	2020-04-27
29	1	2020-12-13
29	2	2020-12-13
29	3	2020-12-13
29	4	2020-12-13
30	1	2021-08-25
30	2	2021-08-25
30	3	2021-08-25
31	1	2020-05-17
31	2	2020-05-17
31	3	2020-05-17
31	4	2020-05-17
31	5	2020-05-17
32	1	2020-05-15
32	2	2020-05-15
32	3	2020-05-15
33	1	2021-12-22
33	2	2021-12-22
33	3	2021-12-22
33	4	2021-12-22
33	5	2021-12-22
33	6	2021-12-22
33	7	2021-12-22
33	8	2021-12-22
34	1	2021-04-28
34	2	2021-04-28
34	3	2021-04-28
34	4	2021-04-28
34	5	2021-04-28
34	6	2021-04-28
35	1	2021-03-15
35	2	2021-03-15
35	3	2021-03-15
35	4	2021-03-15
35	5	2021-03-15
36	1	2020-09-04
36	2	2020-09-04
36	3	2020-09-04
36	4	2020-09-04
36	5	2020-09-04
36	6	2020-09-04
37	1	2021-01-28
37	2	2021-01-28
37	3	2021-01-28
37	4	2021-01-28
37	5	2021-01-28
38	1	2021-11-05
38	2	2021-11-05
38	3	2021-11-05
38	4	2021-11-05
38	5	2021-11-05
39	1	2020-11-13
39	2	2020-11-13
39	3	2020-11-13
39	4	2020-11-13
39	5	2020-11-13
39	6	2020-11-13
39	7	2020-11-13
39	8	2020-11-13
39	9	2020-11-13
40	1	2020-05-26
40	2	2020-05-26
40	3	2020-05-26
41	1	2020-08-16
41	2	2020-08-16
41	3	2020-08-16
41	4	2020-08-16
41	5	2020-08-16
41	6	2020-08-16
41	7	2020-08-16
42	1	2021-05-02
42	2	2021-05-02
42	3	2021-05-02
42	4	2021-05-02
42	5	2021-05-02
42	6	2021-05-02
42	7	2021-05-02
43	1	2021-03-03
43	2	2021-03-03
43	3	2021-03-03
43	4	2021-03-03
43	5	2021-03-03
43	6	2021-03-03
43	7	2021-03-03
43	8	2021-03-03
43	9	2021-03-03
44	1	2021-12-07
44	2	2021-12-07
44	3	2021-12-07
45	1	2020-10-06
45	2	2020-10-06
45	3	2020-10-06
45	4	2020-10-06
46	1	2021-08-20
46	2	2021-08-20
46	3	2021-08-20
46	4	2021-08-20
46	5	2021-08-20
46	6	2021-08-20
47	1	2021-09-15
47	2	2021-09-15
47	3	2021-09-15
47	4	2021-09-15
47	5	2021-09-15
47	6	2021-09-15
47	7	2021-09-15
48	1	2020-11-28
48	2	2020-11-28
48	3	2020-11-28
48	4	2020-11-28
48	5	2020-11-28
48	6	2020-11-28
49	1	2020-07-11
49	2	2020-07-11
49	3	2020-07-11
49	4	2020-07-11
49	5	2020-07-11
50	1	2021-07-20
50	2	2021-07-20
\.


--
-- Data for Name: quiz_grades; Type: TABLE DATA; Schema: public; Owner: epathshala
--

COPY public.quiz_grades (user_id, content_id, grade) FROM stdin;
\.


--
-- Data for Name: student_interests; Type: TABLE DATA; Schema: public; Owner: epathshala
--

COPY public.student_interests (student_id, interest) FROM stdin;
\.


--
-- Data for Name: students; Type: TABLE DATA; Schema: public; Owner: epathshala
--

COPY public.students (user_id, date_of_join, rank_point) FROM stdin;
1	2020-01-08	0
2	2020-05-16	0
3	2021-07-15	0
4	2021-12-14	0
5	2021-06-28	0
6	2021-04-06	0
7	2020-03-15	0
8	2021-09-05	0
9	2021-03-02	0
10	2021-05-04	0
11	2021-01-04	0
12	2020-10-16	0
13	2020-03-08	0
14	2021-02-15	0
15	2021-07-03	0
16	2020-02-16	0
17	2020-01-26	0
18	2021-03-23	0
19	2021-04-09	0
20	2020-02-17	0
21	2020-02-11	0
22	2020-04-21	0
23	2021-02-16	0
24	2020-08-01	0
25	2020-12-15	0
26	2021-07-20	0
27	2021-01-01	0
28	2020-04-27	0
29	2020-12-13	0
30	2021-08-25	0
31	2020-05-17	0
32	2020-05-15	0
33	2021-12-22	0
34	2021-04-28	0
35	2021-03-15	0
36	2020-09-04	0
37	2021-01-28	0
38	2021-11-05	0
39	2020-11-13	0
40	2020-05-26	0
41	2020-08-16	0
42	2021-05-02	0
43	2021-03-03	0
44	2021-12-07	0
45	2020-10-06	0
46	2021-08-20	0
47	2021-09-15	0
48	2020-11-28	0
49	2020-07-11	0
50	2021-07-20	0
\.


--
-- Data for Name: tags; Type: TABLE DATA; Schema: public; Owner: epathshala
--

COPY public.tags (tag_id, tag_name) FROM stdin;
1	math      
2	geometry  
3	computer  
4	internet  
5	economics 
\.


--
-- Data for Name: teacher_specialities; Type: TABLE DATA; Schema: public; Owner: epathshala
--

COPY public.teacher_specialities (teacher_id, speciality) FROM stdin;
51	Math
51	Computer
52	Math
53	Math
53	History
54	Math
55	Statistics
56	Statistics
57	Computer
57	Math
58	Economics
58	Literature
59	Computer
60	Economics
60	History
\.


--
-- Data for Name: teachers; Type: TABLE DATA; Schema: public; Owner: epathshala
--

COPY public.teachers (user_id, date_of_join) FROM stdin;
51	2019-10-19
52	2019-10-01
53	2020-10-15
54	2020-03-11
55	2020-03-12
56	2020-05-08
57	2020-10-16
58	2020-11-13
59	2021-03-13
60	2021-05-15
\.


--
-- Data for Name: users; Type: TABLE DATA; Schema: public; Owner: epathshala
--

COPY public.users (user_id, full_name, security_key, date_of_birth, bio, email, user_type, credit_card_id, bank_id) FROM stdin;
2	Marisol Hicks	3AikoA0u                        	1997-11-04	                                                                                                    	marisol445@gmail.com	STUDENT   	2	1
3	Jose Sylvester	9fG6&M^)                        	2000-03-06	                                                                                                    	jose7038@gmail.com	STUDENT   	3	3
4	William Adams	EWqqZ2JB                        	1993-11-21	                                                                                                    	william2284@gmail.com	STUDENT   	4	2
5	Michelle Kimmell	#$^*MEfT                        	1992-05-18	                                                                                                    	michelle2802@gmail.com	STUDENT   	5	2
6	Ashley Langston	ES3wGahg                        	1980-03-27	                                                                                                    	ashley932@gmail.com	STUDENT   	6	2
7	Allyson Moschetti	eHzxS3kI                        	1997-12-05	                                                                                                    	allyson3467@gmail.com	STUDENT   	7	2
8	Dolores White	nc!zhv16                        	1994-09-24	                                                                                                    	dolores2369@gmail.com	STUDENT   	8	1
9	Dorothy Alford	ycWB7umn                        	1998-01-04	                                                                                                    	dorothy1775@gmail.com	STUDENT   	9	1
10	Beth Smith	(EniNGwX                        	1997-09-18	                                                                                                    	beth3902@gmail.com	STUDENT   	10	3
11	Lila Crawford	zanlaT7L                        	1983-10-20	                                                                                                    	lila6053@gmail.com	STUDENT   	11	3
12	Devon Steger	rKXI7fF6                        	1991-06-09	                                                                                                    	devon1321@gmail.com	STUDENT   	12	3
13	Al Lynch	XZH22#AL                        	1989-07-24	                                                                                                    	al8986@gmail.com	STUDENT   	13	1
14	Joi Bellefeuille	*k$^Ckq5                        	1992-11-17	                                                                                                    	joi6193@gmail.com	STUDENT   	14	1
15	Kimberly Toler	R*WM9uNg                        	1981-04-06	                                                                                                    	kimberly1991@gmail.com	STUDENT   	15	1
16	Tonya Harris	NVR(iOdS                        	1998-03-20	                                                                                                    	tonya6665@gmail.com	STUDENT   	16	3
17	Joseph Sharp	G!i^hr&a                        	1993-12-28	                                                                                                    	joseph7068@gmail.com	STUDENT   	17	2
18	Carrie Andrew	d)aM42P&                        	1987-09-24	                                                                                                    	carrie7877@gmail.com	STUDENT   	18	1
19	Louis Laster	&*nI3!Zl                        	1989-01-12	                                                                                                    	louis9310@gmail.com	STUDENT   	19	3
20	Dustin Coppinger	7v)omJZJ                        	1997-11-25	                                                                                                    	dustin8186@gmail.com	STUDENT   	20	2
21	Hilario Skrine	5xfFTANs                        	1995-12-05	                                                                                                    	hilario581@gmail.com	STUDENT   	21	1
22	Crystal Warnick	neT9zz7N                        	1992-10-03	                                                                                                    	crystal478@gmail.com	STUDENT   	22	2
23	Mamie Richmond	#&u%zBrB                        	1991-12-04	                                                                                                    	mamie4456@gmail.com	STUDENT   	23	1
24	Bryan Harker	hkBT65*P                        	1984-10-04	                                                                                                    	bryan305@gmail.com	STUDENT   	24	2
25	Deborah Kachmarsky	qOzdTXu!                        	1987-06-06	                                                                                                    	deborah8755@gmail.com	STUDENT   	25	1
26	Sharon Valcourt	bQsC!@#1                        	1999-03-26	                                                                                                    	sharon6716@gmail.com	STUDENT   	26	1
27	Steven Hawkins	(MCn%xOo                        	1992-05-09	                                                                                                    	steven6322@gmail.com	STUDENT   	27	2
28	Michael Ellis	5h2SjA0d                        	1988-01-02	                                                                                                    	michael3105@gmail.com	STUDENT   	28	3
29	Willie Vieira	OEZkEXlb                        	1985-07-01	                                                                                                    	willie8026@gmail.com	STUDENT   	29	2
30	Shari Swartz	ak4sJBoC                        	1982-09-26	                                                                                                    	shari875@gmail.com	STUDENT   	30	2
31	Thomas Caraballo	z&sS!sb4                        	1990-01-03	                                                                                                    	thomas476@gmail.com	STUDENT   	31	2
32	Sharon Acker	4Q@j#^ym                        	1988-11-26	                                                                                                    	sharon5866@gmail.com	STUDENT   	32	1
33	James Thomas	OT@M(ECM                        	1984-08-02	                                                                                                    	james8865@gmail.com	STUDENT   	33	1
1	Mary Prezzia	$byEwzo&                        	1986-02-25	                                                                                                    	mary1151@gmail.com	STUDENT   	1	3
34	Reginald Contreras	FVqlcK9S                        	1992-07-17	                                                                                                    	reginald5090@gmail.com	STUDENT   	34	2
35	Robert Gartin	FTnV)z&E                        	1999-02-15	                                                                                                    	robert2831@gmail.com	STUDENT   	35	3
36	Sharon Gamino	yy%CiNR8                        	1999-11-17	                                                                                                    	sharon1938@gmail.com	STUDENT   	36	2
37	Cynthia Gonzalez	)jONn8WQ                        	1989-05-05	                                                                                                    	cynthia6438@gmail.com	STUDENT   	37	1
38	Brent Clower	VJhE$qb7                        	1998-05-18	                                                                                                    	brent4149@gmail.com	STUDENT   	38	1
39	Philip Vanderloo	*wKl%RMo                        	1985-05-13	                                                                                                    	philip6560@gmail.com	STUDENT   	39	3
40	Tana Kinloch	T92Sd^aQ                        	1995-05-24	                                                                                                    	tana6370@gmail.com	STUDENT   	40	1
41	Maria Summer	eyl8e5T5                        	1981-10-16	                                                                                                    	maria1475@gmail.com	STUDENT   	41	2
42	Douglas Mcgowan	6gU#Pj44                        	1992-05-09	                                                                                                    	douglas2320@gmail.com	STUDENT   	42	2
43	Noah Jamerson	tRmPPk1a                        	1984-02-25	                                                                                                    	noah2915@gmail.com	STUDENT   	43	1
44	Helen Burton	(0JR8z!y                        	1993-03-18	                                                                                                    	helen2377@gmail.com	STUDENT   	44	2
45	Crystal Hamby	KqKBEiJ)                        	1986-10-08	                                                                                                    	crystal1815@gmail.com	STUDENT   	45	1
46	Glen Basista	(k9&0#wf                        	1997-12-27	                                                                                                    	glen3930@gmail.com	STUDENT   	46	1
47	Rodney Wolfe	zYOeuFjF                        	1988-05-10	                                                                                                    	rodney23@gmail.com	STUDENT   	47	1
48	Lori Gilmore	atB8Adqc                        	1986-01-07	                                                                                                    	lori8056@gmail.com	STUDENT   	48	3
49	Kristina Shriver	Pm$8C^aK                        	1996-11-06	                                                                                                    	kristina8057@gmail.com	STUDENT   	49	1
50	William Kish	iqJ5imNi                        	1993-12-07	                                                                                                    	william3749@gmail.com	STUDENT   	50	3
51	Martha Marbley	Yo$Cr8kC                        	1986-05-26	                                                                                                    	martha4381@gmail.com	TEACHER   	51	3
52	Carolyn Watkins	@y5uDxXQ                        	2000-06-12	                                                                                                    	carolyn8065@gmail.com	TEACHER   	52	3
53	Diane Jones	U)WDWBQL                        	1998-06-24	                                                                                                    	diane6212@gmail.com	TEACHER   	53	3
54	Helena Nolder	Zs#lxydO                        	1992-11-09	                                                                                                    	helena1754@gmail.com	TEACHER   	54	1
55	Mike Mills	dvlDY)*o                        	1985-11-09	                                                                                                    	mike7179@gmail.com	TEACHER   	55	2
56	Charles Wiltberger	HHFv9URG                        	1982-09-21	                                                                                                    	charles2480@gmail.com	TEACHER   	56	1
57	Henry Depalma	3lrQ!(Zv                        	1993-06-27	                                                                                                    	henry4121@gmail.com	TEACHER   	57	3
60	Pamela Pemberton	czQpXFIM                        	1981-02-21	                                                                                                    	pamela4346@gmail.com	TEACHER   	60	3
58	Mario Barnett	&egIAT%%                        	1998-02-23	                                                                                                    	mario4755@gmail.com	TEACHER   	58	3
59	Hubert Rodriguez	knk(^vpi                        	1988-11-19	                                                                                                    	hubert3151@gmail.com	TEACHER   	59	3
\.


--
-- Name: content_viewers_view_id_seq; Type: SEQUENCE SET; Schema: public; Owner: epathshala
--

SELECT pg_catalog.setval('public.content_viewers_view_id_seq', 1, false);


--
-- Name: contents_content_id_seq; Type: SEQUENCE SET; Schema: public; Owner: epathshala
--

SELECT pg_catalog.setval('public.contents_content_id_seq', 109, true);


--
-- Name: tags_tag_id_seq; Type: SEQUENCE SET; Schema: public; Owner: epathshala
--

SELECT pg_catalog.setval('public.tags_tag_id_seq', 1, false);


--
-- Name: banks bank_pkey; Type: CONSTRAINT; Schema: public; Owner: epathshala
--

ALTER TABLE ONLY public.banks
    ADD CONSTRAINT bank_pkey PRIMARY KEY (bank_id);


--
-- Name: comments comments_pkey; Type: CONSTRAINT; Schema: public; Owner: epathshala
--

ALTER TABLE ONLY public.comments
    ADD CONSTRAINT comments_pkey PRIMARY KEY (comment_id);


--
-- Name: completed_contents completed_contents_pkey; Type: CONSTRAINT; Schema: public; Owner: epathshala
--

ALTER TABLE ONLY public.completed_contents
    ADD CONSTRAINT completed_contents_pkey PRIMARY KEY (user_id, content_id);


--
-- Name: content_viewers content_viewers_pkey; Type: CONSTRAINT; Schema: public; Owner: epathshala
--

ALTER TABLE ONLY public.content_viewers
    ADD CONSTRAINT content_viewers_pkey PRIMARY KEY (view_id);


--
-- Name: contents contents_pkey; Type: CONSTRAINT; Schema: public; Owner: epathshala
--

ALTER TABLE ONLY public.contents
    ADD CONSTRAINT contents_pkey PRIMARY KEY (content_id);


--
-- Name: course_tags course_tags_pkey; Type: CONSTRAINT; Schema: public; Owner: epathshala
--

ALTER TABLE ONLY public.course_tags
    ADD CONSTRAINT course_tags_pkey PRIMARY KEY (tag_id, course_id);


--
-- Name: courses courses_pkey; Type: CONSTRAINT; Schema: public; Owner: epathshala
--

ALTER TABLE ONLY public.courses
    ADD CONSTRAINT courses_pkey PRIMARY KEY (course_id);


--
-- Name: credit_card_users credit_card_users_pkey; Type: CONSTRAINT; Schema: public; Owner: epathshala
--

ALTER TABLE ONLY public.credit_card_users
    ADD CONSTRAINT credit_card_users_pkey PRIMARY KEY (credit_card_id);


--
-- Name: enrolled_courses enrolled_courses_pkey; Type: CONSTRAINT; Schema: public; Owner: epathshala
--

ALTER TABLE ONLY public.enrolled_courses
    ADD CONSTRAINT enrolled_courses_pkey PRIMARY KEY (user_id, course_id);


--
-- Name: quiz_grades quiz_id_pkey; Type: CONSTRAINT; Schema: public; Owner: epathshala
--

ALTER TABLE ONLY public.quiz_grades
    ADD CONSTRAINT quiz_id_pkey PRIMARY KEY (user_id, content_id);


--
-- Name: student_interests student_interests_pkey; Type: CONSTRAINT; Schema: public; Owner: epathshala
--

ALTER TABLE ONLY public.student_interests
    ADD CONSTRAINT student_interests_pkey PRIMARY KEY (student_id, interest);


--
-- Name: students students_pkey; Type: CONSTRAINT; Schema: public; Owner: epathshala
--

ALTER TABLE ONLY public.students
    ADD CONSTRAINT students_pkey PRIMARY KEY (user_id);


--
-- Name: tags tags_pkey; Type: CONSTRAINT; Schema: public; Owner: epathshala
--

ALTER TABLE ONLY public.tags
    ADD CONSTRAINT tags_pkey PRIMARY KEY (tag_id);


--
-- Name: tags tags_tag_name_key; Type: CONSTRAINT; Schema: public; Owner: epathshala
--

ALTER TABLE ONLY public.tags
    ADD CONSTRAINT tags_tag_name_key UNIQUE (tag_name);


--
-- Name: teacher_specialities teacher_specialities_pkey; Type: CONSTRAINT; Schema: public; Owner: epathshala
--

ALTER TABLE ONLY public.teacher_specialities
    ADD CONSTRAINT teacher_specialities_pkey PRIMARY KEY (teacher_id, speciality);


--
-- Name: teachers teachers_pkey; Type: CONSTRAINT; Schema: public; Owner: epathshala
--

ALTER TABLE ONLY public.teachers
    ADD CONSTRAINT teachers_pkey PRIMARY KEY (user_id);


--
-- Name: users users_email_key; Type: CONSTRAINT; Schema: public; Owner: epathshala
--

ALTER TABLE ONLY public.users
    ADD CONSTRAINT users_email_key UNIQUE (email);


--
-- Name: users users_pkey; Type: CONSTRAINT; Schema: public; Owner: epathshala
--

ALTER TABLE ONLY public.users
    ADD CONSTRAINT users_pkey PRIMARY KEY (user_id);


--
-- Name: users insert_user_trigger; Type: TRIGGER; Schema: public; Owner: epathshala
--

CREATE TRIGGER insert_user_trigger AFTER INSERT ON public.users FOR EACH ROW EXECUTE FUNCTION public.insert_user_trigger();


--
-- Name: comments comments_commenter_id_fkey; Type: FK CONSTRAINT; Schema: public; Owner: epathshala
--

ALTER TABLE ONLY public.comments
    ADD CONSTRAINT comments_commenter_id_fkey FOREIGN KEY (commenter_id) REFERENCES public.users(user_id) ON UPDATE CASCADE ON DELETE SET NULL;


--
-- Name: comments comments_content_id_fkey; Type: FK CONSTRAINT; Schema: public; Owner: epathshala
--

ALTER TABLE ONLY public.comments
    ADD CONSTRAINT comments_content_id_fkey FOREIGN KEY (content_id) REFERENCES public.contents(content_id) ON UPDATE CASCADE ON DELETE CASCADE;


--
-- Name: completed_contents completed_contents_content_id_fkey; Type: FK CONSTRAINT; Schema: public; Owner: epathshala
--

ALTER TABLE ONLY public.completed_contents
    ADD CONSTRAINT completed_contents_content_id_fkey FOREIGN KEY (content_id) REFERENCES public.contents(content_id) ON UPDATE CASCADE ON DELETE CASCADE;


--
-- Name: completed_contents completed_contents_user_id_fkey; Type: FK CONSTRAINT; Schema: public; Owner: epathshala
--

ALTER TABLE ONLY public.completed_contents
    ADD CONSTRAINT completed_contents_user_id_fkey FOREIGN KEY (user_id) REFERENCES public.students(user_id) ON UPDATE CASCADE ON DELETE CASCADE;


--
-- Name: content_viewers content_viewers_content_id_fkey; Type: FK CONSTRAINT; Schema: public; Owner: epathshala
--

ALTER TABLE ONLY public.content_viewers
    ADD CONSTRAINT content_viewers_content_id_fkey FOREIGN KEY (content_id) REFERENCES public.contents(content_id) ON UPDATE CASCADE ON DELETE SET NULL;


--
-- Name: content_viewers content_viewers_user_id_fkey; Type: FK CONSTRAINT; Schema: public; Owner: epathshala
--

ALTER TABLE ONLY public.content_viewers
    ADD CONSTRAINT content_viewers_user_id_fkey FOREIGN KEY (user_id) REFERENCES public.users(user_id) ON UPDATE CASCADE ON DELETE SET NULL;


--
-- Name: contents contents_course_id_fkey; Type: FK CONSTRAINT; Schema: public; Owner: epathshala
--

ALTER TABLE ONLY public.contents
    ADD CONSTRAINT contents_course_id_fkey FOREIGN KEY (course_id) REFERENCES public.courses(course_id) ON UPDATE CASCADE ON DELETE CASCADE;


--
-- Name: course_tags course_tags_course_id_fkey; Type: FK CONSTRAINT; Schema: public; Owner: epathshala
--

ALTER TABLE ONLY public.course_tags
    ADD CONSTRAINT course_tags_course_id_fkey FOREIGN KEY (course_id) REFERENCES public.courses(course_id) ON UPDATE CASCADE ON DELETE CASCADE;


--
-- Name: course_tags course_tags_tag_id_fkey; Type: FK CONSTRAINT; Schema: public; Owner: epathshala
--

ALTER TABLE ONLY public.course_tags
    ADD CONSTRAINT course_tags_tag_id_fkey FOREIGN KEY (tag_id) REFERENCES public.tags(tag_id) ON UPDATE CASCADE ON DELETE CASCADE;


--
-- Name: courses courses_creator_id_fkey; Type: FK CONSTRAINT; Schema: public; Owner: epathshala
--

ALTER TABLE ONLY public.courses
    ADD CONSTRAINT courses_creator_id_fkey FOREIGN KEY (creator_id) REFERENCES public.teachers(user_id) ON UPDATE CASCADE ON DELETE SET NULL;


--
-- Name: credit_card_users credit_card_users_bank_id_fkey; Type: FK CONSTRAINT; Schema: public; Owner: epathshala
--

ALTER TABLE ONLY public.credit_card_users
    ADD CONSTRAINT credit_card_users_bank_id_fkey FOREIGN KEY (bank_id) REFERENCES public.banks(bank_id) ON UPDATE CASCADE ON DELETE CASCADE;


--
-- Name: enrolled_courses enrolled_courses_course_id_fkey; Type: FK CONSTRAINT; Schema: public; Owner: epathshala
--

ALTER TABLE ONLY public.enrolled_courses
    ADD CONSTRAINT enrolled_courses_course_id_fkey FOREIGN KEY (course_id) REFERENCES public.courses(course_id) ON UPDATE CASCADE ON DELETE CASCADE;


--
-- Name: enrolled_courses enrolled_courses_user_id_fkey; Type: FK CONSTRAINT; Schema: public; Owner: epathshala
--

ALTER TABLE ONLY public.enrolled_courses
    ADD CONSTRAINT enrolled_courses_user_id_fkey FOREIGN KEY (user_id) REFERENCES public.students(user_id) ON UPDATE CASCADE ON DELETE CASCADE;


--
-- Name: quiz_grades quiz_id_content_id_fkey; Type: FK CONSTRAINT; Schema: public; Owner: epathshala
--

ALTER TABLE ONLY public.quiz_grades
    ADD CONSTRAINT quiz_id_content_id_fkey FOREIGN KEY (content_id) REFERENCES public.contents(content_id) ON UPDATE CASCADE ON DELETE CASCADE;


--
-- Name: quiz_grades quiz_id_user_id_fkey; Type: FK CONSTRAINT; Schema: public; Owner: epathshala
--

ALTER TABLE ONLY public.quiz_grades
    ADD CONSTRAINT quiz_id_user_id_fkey FOREIGN KEY (user_id) REFERENCES public.students(user_id) ON UPDATE CASCADE ON DELETE CASCADE;


--
-- Name: student_interests student_interests_student_id_fkey; Type: FK CONSTRAINT; Schema: public; Owner: epathshala
--

ALTER TABLE ONLY public.student_interests
    ADD CONSTRAINT student_interests_student_id_fkey FOREIGN KEY (student_id) REFERENCES public.students(user_id) ON UPDATE CASCADE ON DELETE CASCADE;


--
-- Name: students students_user_id_fkey; Type: FK CONSTRAINT; Schema: public; Owner: epathshala
--

ALTER TABLE ONLY public.students
    ADD CONSTRAINT students_user_id_fkey FOREIGN KEY (user_id) REFERENCES public.users(user_id) ON UPDATE CASCADE ON DELETE CASCADE;


--
-- Name: teacher_specialities teacher_specialities_teacher_id_fkey; Type: FK CONSTRAINT; Schema: public; Owner: epathshala
--

ALTER TABLE ONLY public.teacher_specialities
    ADD CONSTRAINT teacher_specialities_teacher_id_fkey FOREIGN KEY (teacher_id) REFERENCES public.teachers(user_id) ON UPDATE CASCADE ON DELETE CASCADE;


--
-- Name: teachers teachers_user_id_fkey; Type: FK CONSTRAINT; Schema: public; Owner: epathshala
--

ALTER TABLE ONLY public.teachers
    ADD CONSTRAINT teachers_user_id_fkey FOREIGN KEY (user_id) REFERENCES public.users(user_id) ON UPDATE CASCADE ON DELETE CASCADE;


--
-- PostgreSQL database dump complete
--

